[
    {
        "model": "cms.treenode",
        "pk": 1,
        "fields": {
            "path": "0001",
            "depth": 1,
            "numchild": 0,
            "parent": null,
            "site": [
                "example.com"
            ]
        }
    },
    {
        "model": "cms.treenode",
        "pk": 2,
        "fields": {
            "path": "0002",
            "depth": 1,
            "numchild": 1,
            "parent": null,
            "site": [
                "example.com"
            ]
        }
    },
    {
        "model": "cms.treenode",
        "pk": 3,
        "fields": {
            "path": "00020001",
            "depth": 2,
            "numchild": 0,
            "parent": 2,
            "site": [
                "example.com"
            ]
        }
    },
    {
        "model": "cms.treenode",
        "pk": 4,
        "fields": {
            "path": "0003",
            "depth": 1,
            "numchild": 0,
            "parent": null,
            "site": [
                "example.com"
            ]
        }
    },
    {
        "model": "cms.treenode",
        "pk": 5,
        "fields": {
            "path": "0004",
            "depth": 1,
            "numchild": 0,
            "parent": null,
            "site": [
                "example.com"
            ]
        }
    },
    {
        "model": "cms.treenode",
        "pk": 6,
        "fields": {
            "path": "0005",
            "depth": 1,
            "numchild": 0,
            "parent": null,
            "site": [
                "example.com"
            ]
        }
    },
    {
        "model": "cms.treenode",
        "pk": 7,
        "fields": {
            "path": "0006",
            "depth": 1,
            "numchild": 1,
            "parent": null,
            "site": [
                "example.com"
            ]
        }
    },
    {
        "model": "cms.treenode",
        "pk": 8,
        "fields": {
            "path": "00060001",
            "depth": 2,
            "numchild": 0,
            "parent": 7,
            "site": [
                "example.com"
            ]
        }
    },
    {
        "model": "cms.treenode",
        "pk": 9,
        "fields": {
            "path": "0007",
            "depth": 1,
            "numchild": 1,
            "parent": null,
            "site": [
                "example.com"
            ]
        }
    },
    {
        "model": "cms.treenode",
        "pk": 10,
        "fields": {
            "path": "00070001",
            "depth": 2,
            "numchild": 0,
            "parent": 9,
            "site": [
                "example.com"
            ]
        }
    },
    {
        "model": "cms.treenode",
        "pk": 11,
        "fields": {
            "path": "00090001",
            "depth": 2,
            "numchild": 1,
            "parent": 12,
            "site": [
                "example.com"
            ]
        }
    },
    {
        "model": "cms.treenode",
        "pk": 12,
        "fields": {
            "path": "0009",
            "depth": 1,
            "numchild": 1,
            "parent": null,
            "site": [
                "example.com"
            ]
        }
    },
    {
        "model": "cms.treenode",
        "pk": 13,
        "fields": {
            "path": "000900010001",
            "depth": 3,
            "numchild": 0,
            "parent": 11,
            "site": [
                "example.com"
            ]
        }
    },
    {
        "model": "cms.treenode",
        "pk": 14,
        "fields": {
            "path": "000A",
            "depth": 1,
            "numchild": 2,
            "parent": null,
            "site": [
                "example.com"
            ]
        }
    },
    {
        "model": "cms.treenode",
        "pk": 15,
        "fields": {
            "path": "000A0001",
            "depth": 2,
            "numchild": 1,
            "parent": 14,
            "site": [
                "example.com"
            ]
        }
    },
    {
        "model": "cms.treenode",
        "pk": 16,
        "fields": {
            "path": "000A00010001",
            "depth": 3,
            "numchild": 0,
            "parent": 15,
            "site": [
                "example.com"
            ]
        }
    },
    {
        "model": "cms.treenode",
        "pk": 17,
        "fields": {
            "path": "000A0002",
            "depth": 2,
            "numchild": 1,
            "parent": 14,
            "site": [
                "example.com"
            ]
        }
    },
    {
        "model": "cms.treenode",
        "pk": 18,
        "fields": {
            "path": "000A00020001",
            "depth": 3,
            "numchild": 0,
            "parent": 17,
            "site": [
                "example.com"
            ]
        }
    },
    {
        "model": "cms.page",
        "pk": 1,
        "fields": {
            "created_by": "stefan.wehrmeyer@okfn.de",
            "changed_by": "stefan.wehrmeyer@okfn.de",
            "creation_date": "2024-04-22T14:05:46.032Z",
            "changed_date": "2024-04-22T14:05:46.098Z",
            "reverse_id": null,
            "navigation_extenders": null,
            "login_required": false,
            "is_home": true,
            "application_urls": null,
            "application_namespace": null,
            "languages": "de",
            "is_page_type": false,
            "node": 1
        }
    },
    {
        "model": "cms.page",
        "pk": 2,
        "fields": {
            "created_by": "stefan.wehrmeyer@okfn.de",
            "changed_by": "stefan.wehrmeyer@okfn.de",
            "creation_date": "2024-04-22T14:06:04.088Z",
            "changed_date": "2024-04-22T14:40:28.492Z",
            "reverse_id": "donate",
            "navigation_extenders": null,
            "login_required": false,
            "is_home": false,
            "application_urls": "",
            "application_namespace": null,
            "languages": "de",
            "is_page_type": false,
            "node": 2
        }
    },
    {
        "model": "cms.page",
        "pk": 3,
        "fields": {
            "created_by": "stefan.wehrmeyer@okfn.de",
            "changed_by": "stefan.wehrmeyer@okfn.de",
            "creation_date": "2024-04-22T14:08:10.483Z",
            "changed_date": "2024-04-22T14:08:42.365Z",
            "reverse_id": null,
            "navigation_extenders": null,
            "login_required": false,
            "is_home": false,
            "application_urls": "FdsDonationApp",
            "application_namespace": "fds_donation",
            "languages": "de",
            "is_page_type": false,
            "node": 3
        }
    },
    {
        "model": "cms.page",
        "pk": 4,
        "fields": {
            "created_by": "stefan.wehrmeyer@okfn.de",
            "changed_by": "stefan.wehrmeyer@okfn.de",
            "creation_date": "2024-04-22T14:19:43.062Z",
            "changed_date": "2024-04-22T14:19:54.014Z",
            "reverse_id": null,
            "navigation_extenders": null,
            "login_required": false,
            "is_home": false,
            "application_urls": "FdsBlogApp",
            "application_namespace": "blog",
            "languages": "de",
            "is_page_type": false,
            "node": 4
        }
    },
    {
        "model": "cms.page",
        "pk": 5,
        "fields": {
            "created_by": "stefan.wehrmeyer@okfn.de",
            "changed_by": "stefan.wehrmeyer@okfn.de",
            "creation_date": "2024-04-22T14:20:14.513Z",
            "changed_date": "2024-04-22T14:20:22.919Z",
            "reverse_id": null,
            "navigation_extenders": null,
            "login_required": false,
            "is_home": false,
            "application_urls": "CrowdfundingCMSApp",
            "application_namespace": "crowdfunding",
            "languages": "de",
            "is_page_type": false,
            "node": 5
        }
    },
    {
        "model": "cms.page",
        "pk": 6,
        "fields": {
            "created_by": "stefan.wehrmeyer@okfn.de",
            "changed_by": "stefan.wehrmeyer@okfn.de",
            "creation_date": "2024-04-22T14:20:37.700Z",
            "changed_date": "2024-04-22T14:20:46.036Z",
            "reverse_id": null,
            "navigation_extenders": null,
            "login_required": false,
            "is_home": false,
            "application_urls": "GovPlanCMSApp",
            "application_namespace": "govplan",
            "languages": "de",
            "is_page_type": false,
            "node": 6
        }
    },
    {
        "model": "cms.page",
        "pk": 7,
        "fields": {
            "created_by": "stefan.wehrmeyer@okfn.de",
            "changed_by": "stefan.wehrmeyer@okfn.de",
            "creation_date": "2024-04-22T14:21:10.609Z",
            "changed_date": "2024-04-22T14:21:10.609Z",
            "reverse_id": null,
            "navigation_extenders": null,
            "login_required": false,
            "is_home": false,
            "application_urls": null,
            "application_namespace": null,
            "languages": "de",
            "is_page_type": false,
            "node": 7
        }
    },
    {
        "model": "cms.page",
        "pk": 8,
        "fields": {
            "created_by": "stefan.wehrmeyer@okfn.de",
            "changed_by": "stefan.wehrmeyer@okfn.de",
            "creation_date": "2024-04-22T14:21:24.613Z",
            "changed_date": "2024-04-22T14:21:36.451Z",
            "reverse_id": null,
            "navigation_extenders": null,
            "login_required": false,
            "is_home": false,
            "application_urls": "FdsCmsContactApp",
            "application_namespace": "fds_cms_contact",
            "languages": "de",
            "is_page_type": false,
            "node": 8
        }
    },
    {
        "model": "cms.page",
        "pk": 9,
        "fields": {
            "created_by": "stefan.wehrmeyer@okfn.de",
            "changed_by": "stefan.wehrmeyer@okfn.de",
            "creation_date": "2024-04-22T14:22:15.047Z",
            "changed_date": "2024-04-22T14:22:15.047Z",
            "reverse_id": null,
            "navigation_extenders": null,
            "login_required": false,
            "is_home": false,
            "application_urls": null,
            "application_namespace": null,
            "languages": "de",
            "is_page_type": false,
            "node": 9
        }
    },
    {
        "model": "cms.page",
        "pk": 10,
        "fields": {
            "created_by": "stefan.wehrmeyer@okfn.de",
            "changed_by": "stefan.wehrmeyer@okfn.de",
            "creation_date": "2024-04-22T14:23:06.680Z",
            "changed_date": "2024-04-22T14:23:41.126Z",
            "reverse_id": "help-search",
            "navigation_extenders": null,
            "login_required": false,
            "is_home": false,
            "application_urls": "FdsCmsSearchApp",
            "application_namespace": "fds_cms",
            "languages": "de",
            "is_page_type": false,
            "node": 10
        }
    },
    {
        "model": "cms.page",
        "pk": 11,
        "fields": {
            "created_by": "stefan.wehrmeyer@okfn.de",
            "changed_by": "stefan.wehrmeyer@okfn.de",
            "creation_date": "2024-04-22T14:32:25.457Z",
            "changed_date": "2024-04-22T14:32:25.457Z",
            "reverse_id": null,
            "navigation_extenders": null,
            "login_required": false,
            "is_home": false,
            "application_urls": null,
            "application_namespace": null,
            "languages": "de",
            "is_page_type": false,
            "node": 11
        }
    },
    {
        "model": "cms.page",
        "pk": 12,
        "fields": {
            "created_by": "stefan.wehrmeyer@okfn.de",
            "changed_by": "stefan.wehrmeyer@okfn.de",
            "creation_date": "2024-04-22T14:32:34.636Z",
            "changed_date": "2024-04-22T14:32:34.636Z",
            "reverse_id": null,
            "navigation_extenders": null,
            "login_required": false,
            "is_home": false,
            "application_urls": null,
            "application_namespace": null,
            "languages": "de",
            "is_page_type": false,
            "node": 12
        }
    },
    {
        "model": "cms.page",
        "pk": 13,
        "fields": {
            "created_by": "stefan.wehrmeyer@okfn.de",
            "changed_by": "stefan.wehrmeyer@okfn.de",
            "creation_date": "2024-04-22T14:33:13.277Z",
            "changed_date": "2024-04-22T14:33:13.277Z",
            "reverse_id": null,
            "navigation_extenders": null,
            "login_required": false,
            "is_home": false,
            "application_urls": null,
            "application_namespace": null,
            "languages": "de",
            "is_page_type": false,
            "node": 13
        }
    },
    {
        "model": "cms.page",
        "pk": 14,
        "fields": {
            "created_by": "stefan.wehrmeyer@okfn.de",
            "changed_by": "stefan.wehrmeyer@okfn.de",
            "creation_date": "2024-04-22T14:39:07.740Z",
            "changed_date": "2024-04-22T14:39:07.740Z",
            "reverse_id": null,
            "navigation_extenders": null,
            "login_required": false,
            "is_home": false,
            "application_urls": null,
            "application_namespace": null,
            "languages": "de",
            "is_page_type": false,
            "node": 14
        }
    },
    {
        "model": "cms.page",
        "pk": 15,
        "fields": {
            "created_by": "stefan.wehrmeyer@okfn.de",
            "changed_by": "stefan.wehrmeyer@okfn.de",
            "creation_date": "2024-04-22T14:39:25.664Z",
            "changed_date": "2024-04-22T14:39:25.664Z",
            "reverse_id": null,
            "navigation_extenders": null,
            "login_required": false,
            "is_home": false,
            "application_urls": null,
            "application_namespace": null,
            "languages": "de",
            "is_page_type": false,
            "node": 15
        }
    },
    {
        "model": "cms.page",
        "pk": 16,
        "fields": {
            "created_by": "stefan.wehrmeyer@okfn.de",
            "changed_by": "stefan.wehrmeyer@okfn.de",
            "creation_date": "2024-04-22T14:39:31.829Z",
            "changed_date": "2024-04-22T14:39:51.127Z",
            "reverse_id": null,
            "navigation_extenders": null,
            "login_required": false,
            "is_home": false,
            "application_urls": "FoodCMSApp",
            "application_namespace": null,
            "languages": "de",
            "is_page_type": false,
            "node": 16
        }
    },
    {
        "model": "cms.page",
        "pk": 17,
        "fields": {
            "created_by": "stefan.wehrmeyer@okfn.de",
            "changed_by": "stefan.wehrmeyer@okfn.de",
            "creation_date": "2024-04-22T14:53:19.237Z",
            "changed_date": "2024-04-22T14:53:19.237Z",
            "reverse_id": null,
            "navigation_extenders": null,
            "login_required": false,
            "is_home": false,
            "application_urls": null,
            "application_namespace": null,
            "languages": "de",
            "is_page_type": false,
            "node": 17
        }
    },
    {
        "model": "cms.page",
        "pk": 18,
        "fields": {
            "created_by": "stefan.wehrmeyer@okfn.de",
            "changed_by": "stefan.wehrmeyer@okfn.de",
            "creation_date": "2024-04-22T14:53:35.383Z",
            "changed_date": "2024-04-22T14:53:45.367Z",
            "reverse_id": null,
            "navigation_extenders": null,
            "login_required": false,
            "is_home": false,
            "application_urls": "ExamCMSApp",
            "application_namespace": "froide_exam",
            "languages": "de",
            "is_page_type": false,
            "node": 18
        }
    },
    {
        "model": "cms.pageurl",
        "pk": 1,
        "fields": {
            "slug": "homepage",
            "path": "",
            "language": "de",
            "page": 1,
            "managed": true
        }
    },
    {
        "model": "cms.pageurl",
        "pk": 2,
        "fields": {
            "slug": "spenden",
            "path": "spenden",
            "language": "de",
            "page": 2,
            "managed": true
        }
    },
    {
        "model": "cms.pageurl",
        "pk": 3,
        "fields": {
            "slug": "spende",
            "path": "spenden/spende",
            "language": "de",
            "page": 3,
            "managed": true
        }
    },
    {
        "model": "cms.pageurl",
        "pk": 4,
        "fields": {
            "slug": "blog",
            "path": "blog",
            "language": "de",
            "page": 4,
            "managed": true
        }
    },
    {
        "model": "cms.pageurl",
        "pk": 5,
        "fields": {
            "slug": "crowdfunding",
            "path": "crowdfunding",
            "language": "de",
            "page": 5,
            "managed": true
        }
    },
    {
        "model": "cms.pageurl",
        "pk": 6,
        "fields": {
            "slug": "koalitionstracker",
            "path": "koalitionstracker",
            "language": "de",
            "page": 6,
            "managed": true
        }
    },
    {
        "model": "cms.pageurl",
        "pk": 7,
        "fields": {
            "slug": "kontakt",
            "path": "kontakt",
            "language": "de",
            "page": 7,
            "managed": true
        }
    },
    {
        "model": "cms.pageurl",
        "pk": 8,
        "fields": {
            "slug": "kontakt",
            "path": "kontakt/kontakt",
            "language": "de",
            "page": 8,
            "managed": true
        }
    },
    {
        "model": "cms.pageurl",
        "pk": 9,
        "fields": {
            "slug": "hilfe",
            "path": "hilfe",
            "language": "de",
            "page": 9,
            "managed": true
        }
    },
    {
        "model": "cms.pageurl",
        "pk": 10,
        "fields": {
            "slug": "suche",
            "path": "hilfe/suche",
            "language": "de",
            "page": 10,
            "managed": true
        }
    },
    {
        "model": "cms.pageurl",
        "pk": 11,
        "fields": {
            "slug": "handbuch",
            "path": "recht/handbuch",
            "language": "de",
            "page": 11,
            "managed": true
        }
    },
    {
        "model": "cms.pageurl",
        "pk": 12,
        "fields": {
            "slug": "recht",
            "path": "recht",
            "language": "de",
            "page": 12,
            "managed": true
        }
    },
    {
        "model": "cms.pageurl",
        "pk": 13,
        "fields": {
            "slug": "kapitel-1",
            "path": "recht/handbuch/kapitel-1",
            "language": "de",
            "page": 13,
            "managed": true
        }
    },
    {
        "model": "cms.pageurl",
        "pk": 14,
        "fields": {
            "slug": "kampagnen",
            "path": "kampagnen",
            "language": "de",
            "page": 14,
            "managed": true
        }
    },
    {
        "model": "cms.pageurl",
        "pk": 15,
        "fields": {
            "slug": "lebensmittelkontrolle",
            "path": "kampagnen/lebensmittelkontrolle",
            "language": "de",
            "page": 15,
            "managed": true
        }
    },
    {
        "model": "cms.pageurl",
        "pk": 16,
        "fields": {
            "slug": "app",
            "path": "kampagnen/lebensmittelkontrolle/app",
            "language": "de",
            "page": 16,
            "managed": true
        }
    },
    {
        "model": "cms.pageurl",
        "pk": 17,
        "fields": {
            "slug": "verschlusssache-pruefung",
            "path": "kampagnen/verschlusssache-pruefung",
            "language": "de",
            "page": 17,
            "managed": true
        }
    },
    {
        "model": "cms.pageurl",
        "pk": 18,
        "fields": {
            "slug": "verschlusssache-pruefung",
            "path": "kampagnen/verschlusssache-pruefung/verschlusssache-pruefung",
            "language": "de",
            "page": 18,
            "managed": true
        }
    },
    {
        "model": "cms.placeholder",
        "pk": 1,
        "fields": {
            "slot": "clipboard",
            "default_width": null,
            "content_type": null,
            "object_id": null
        }
    },
    {
        "model": "cms.placeholder",
        "pk": 2,
        "fields": {
            "slot": "content",
            "default_width": null,
            "content_type": [
                "cms",
                "pagecontent"
            ],
            "object_id": 1
        }
    },
    {
        "model": "cms.placeholder",
        "pk": 3,
        "fields": {
            "slot": "content",
            "default_width": null,
            "content_type": [
                "djangocms_alias",
                "aliascontent"
            ],
            "object_id": 1
        }
    },
    {
        "model": "cms.placeholder",
        "pk": 4,
        "fields": {
            "slot": "content",
            "default_width": null,
            "content_type": [
                "cms",
                "pagecontent"
            ],
            "object_id": 2
        }
    },
    {
        "model": "cms.placeholder",
        "pk": 5,
        "fields": {
            "slot": "content",
            "default_width": null,
            "content_type": [
                "cms",
                "pagecontent"
            ],
            "object_id": 3
        }
    },
    {
        "model": "cms.placeholder",
        "pk": 6,
        "fields": {
            "slot": "content",
            "default_width": null,
            "content_type": [
                "djangocms_alias",
                "aliascontent"
            ],
            "object_id": 2
        }
    },
    {
        "model": "cms.placeholder",
        "pk": 7,
        "fields": {
            "slot": "content",
            "default_width": null,
            "content_type": [
                "cms",
                "pagecontent"
            ],
            "object_id": 4
        }
    },
    {
        "model": "cms.placeholder",
        "pk": 8,
        "fields": {
            "slot": "content",
            "default_width": null,
            "content_type": [
                "cms",
                "pagecontent"
            ],
            "object_id": 5
        }
    },
    {
        "model": "cms.placeholder",
        "pk": 9,
        "fields": {
            "slot": "content",
            "default_width": null,
            "content_type": [
                "cms",
                "pagecontent"
            ],
            "object_id": 6
        }
    },
    {
        "model": "cms.placeholder",
        "pk": 10,
        "fields": {
            "slot": "content",
            "default_width": null,
            "content_type": [
                "cms",
                "pagecontent"
            ],
            "object_id": 7
        }
    },
    {
        "model": "cms.placeholder",
        "pk": 11,
        "fields": {
            "slot": "content",
            "default_width": null,
            "content_type": [
                "cms",
                "pagecontent"
            ],
            "object_id": 8
        }
    },
    {
        "model": "cms.placeholder",
        "pk": 12,
        "fields": {
            "slot": "content",
            "default_width": null,
            "content_type": [
                "cms",
                "pagecontent"
            ],
            "object_id": 9
        }
    },
    {
        "model": "cms.placeholder",
        "pk": 13,
        "fields": {
            "slot": "content",
            "default_width": null,
            "content_type": [
                "cms",
                "pagecontent"
            ],
            "object_id": 10
        }
    },
    {
        "model": "cms.placeholder",
        "pk": 14,
        "fields": {
            "slot": "content",
            "default_width": null,
            "content_type": [
                "cms",
                "pagecontent"
            ],
            "object_id": 11
        }
    },
    {
        "model": "cms.placeholder",
        "pk": 15,
        "fields": {
            "slot": "content",
            "default_width": null,
            "content_type": [
                "cms",
                "pagecontent"
            ],
            "object_id": 12
        }
    },
    {
        "model": "cms.placeholder",
        "pk": 16,
        "fields": {
            "slot": "content",
            "default_width": null,
            "content_type": [
                "cms",
                "pagecontent"
            ],
            "object_id": 13
        }
    },
    {
        "model": "cms.placeholder",
        "pk": 17,
        "fields": {
            "slot": "content",
            "default_width": null,
            "content_type": [
                "cms",
                "pagecontent"
            ],
            "object_id": 14
        }
    },
    {
        "model": "cms.placeholder",
        "pk": 18,
        "fields": {
            "slot": "content",
            "default_width": null,
            "content_type": [
                "djangocms_alias",
                "aliascontent"
            ],
            "object_id": 3
        }
    },
    {
        "model": "cms.placeholder",
        "pk": 19,
        "fields": {
            "slot": "content",
            "default_width": null,
            "content_type": [
                "cms",
                "pagecontent"
            ],
            "object_id": 15
        }
    },
    {
        "model": "cms.placeholder",
        "pk": 20,
        "fields": {
            "slot": "content",
            "default_width": null,
            "content_type": [
                "cms",
                "pagecontent"
            ],
            "object_id": 16
        }
    },
    {
        "model": "cms.placeholder",
        "pk": 21,
        "fields": {
            "slot": "content",
            "default_width": null,
            "content_type": [
                "cms",
                "pagecontent"
            ],
            "object_id": 17
        }
    },
    {
        "model": "cms.placeholder",
        "pk": 22,
        "fields": {
            "slot": "content",
            "default_width": null,
            "content_type": [
                "cms",
                "pagecontent"
            ],
            "object_id": 18
        }
    },
    {
        "model": "cms.placeholder",
        "pk": 23,
        "fields": {
            "slot": "content",
            "default_width": null,
            "content_type": [
                "cms",
                "pagecontent"
            ],
            "object_id": 19
        }
    },
    {
        "model": "cms.placeholder",
        "pk": 24,
        "fields": {
            "slot": "content",
            "default_width": null,
            "content_type": [
                "djangocms_alias",
                "aliascontent"
            ],
            "object_id": 4
        }
    },
    {
        "model": "cms.placeholder",
        "pk": 25,
        "fields": {
            "slot": "content",
            "default_width": null,
            "content_type": [
                "djangocms_alias",
                "aliascontent"
            ],
            "object_id": 5
        }
    },
    {
        "model": "cms.placeholder",
        "pk": 26,
        "fields": {
            "slot": "froide_food_header",
            "default_width": null,
            "content_type": null,
            "object_id": null
        }
    },
    {
        "model": "cms.placeholder",
        "pk": 27,
        "fields": {
            "slot": "froide_food_header",
            "default_width": null,
            "content_type": null,
            "object_id": null
        }
    },
    {
        "model": "cms.placeholder",
        "pk": 28,
        "fields": {
            "slot": "froide_food_footer",
            "default_width": null,
            "content_type": null,
            "object_id": null
        }
    },
    {
        "model": "cms.placeholder",
        "pk": 29,
        "fields": {
            "slot": "froide_food_footer",
            "default_width": null,
            "content_type": null,
            "object_id": null
        }
    },
    {
        "model": "cms.placeholder",
        "pk": 30,
        "fields": {
            "slot": "content",
            "default_width": null,
            "content_type": [
                "cms",
                "pagecontent"
            ],
            "object_id": 20
        }
    },
    {
        "model": "cms.placeholder",
        "pk": 31,
        "fields": {
            "slot": "content",
            "default_width": null,
            "content_type": [
                "cms",
                "pagecontent"
            ],
            "object_id": 21
        }
    },
    {
        "model": "cms.cmsplugin",
        "pk": 1,
        "fields": {
            "placeholder": 19,
            "parent": null,
            "position": 1,
            "language": "de",
            "plugin_type": "TextPlugin",
            "creation_date": "2024-04-22T14:34:31.461Z",
            "changed_date": "2024-04-22T14:34:43.608Z"
        }
    },
    {
        "model": "cms.pagecontent",
        "pk": 1,
        "fields": {
            "language": "de",
            "title": "Homepage",
            "page_title": null,
            "menu_title": null,
            "meta_description": null,
            "redirect": null,
            "page": 1,
            "creation_date": "2024-04-22T14:05:46.042Z",
            "created_by": "stefan.wehrmeyer@okfn.de",
            "changed_by": "stefan.wehrmeyer@okfn.de",
            "changed_date": "2024-04-22T14:05:46.042Z",
            "in_navigation": true,
            "soft_root": false,
            "template": "INHERIT",
            "limit_visibility_in_menu": null,
            "xframe_options": 0
        }
    },
    {
        "model": "cms.pagecontent",
        "pk": 2,
        "fields": {
            "language": "de",
            "title": "Spenden",
            "page_title": "",
            "menu_title": "",
            "meta_description": "",
            "redirect": null,
            "page": 2,
            "creation_date": "2024-04-22T14:06:04.091Z",
            "created_by": "stefan.wehrmeyer@okfn.de",
            "changed_by": "stefan.wehrmeyer@okfn.de",
            "changed_date": "2024-04-22T14:06:04.127Z",
            "in_navigation": true,
            "soft_root": false,
            "template": "INHERIT",
            "limit_visibility_in_menu": null,
            "xframe_options": 0
        }
    },
    {
        "model": "cms.pagecontent",
        "pk": 3,
        "fields": {
            "language": "de",
            "title": "Jetzt spenden",
            "page_title": "",
            "menu_title": "",
            "meta_description": "",
            "redirect": null,
            "page": 3,
            "creation_date": "2024-04-22T14:08:10.489Z",
            "created_by": "stefan.wehrmeyer@okfn.de",
            "changed_by": "stefan.wehrmeyer@okfn.de",
            "changed_date": "2024-04-22T14:08:10.565Z",
            "in_navigation": true,
            "soft_root": false,
            "template": "INHERIT",
            "limit_visibility_in_menu": null,
            "xframe_options": 0
        }
    },
    {
        "model": "cms.pagecontent",
        "pk": 4,
        "fields": {
            "language": "de",
            "title": "Blog",
            "page_title": "",
            "menu_title": "",
            "meta_description": "",
            "redirect": null,
            "page": 4,
            "creation_date": "2024-04-22T14:19:43.073Z",
            "created_by": "stefan.wehrmeyer@okfn.de",
            "changed_by": "stefan.wehrmeyer@okfn.de",
            "changed_date": "2024-04-22T14:19:43.145Z",
            "in_navigation": true,
            "soft_root": false,
            "template": "cms/blog_base.html",
            "limit_visibility_in_menu": null,
            "xframe_options": 0
        }
    },
    {
        "model": "cms.pagecontent",
        "pk": 5,
        "fields": {
            "language": "de",
            "title": "Crowdfunding",
            "page_title": "",
            "menu_title": "",
            "meta_description": "",
            "redirect": null,
            "page": 5,
            "creation_date": "2024-04-22T14:20:14.522Z",
            "created_by": "stefan.wehrmeyer@okfn.de",
            "changed_by": "stefan.wehrmeyer@okfn.de",
            "changed_date": "2024-04-22T14:20:14.585Z",
            "in_navigation": true,
            "soft_root": false,
            "template": "INHERIT",
            "limit_visibility_in_menu": null,
            "xframe_options": 0
        }
    },
    {
        "model": "cms.pagecontent",
        "pk": 6,
        "fields": {
            "language": "de",
            "title": "Koalitionstracker",
            "page_title": "",
            "menu_title": "",
            "meta_description": "",
            "redirect": null,
            "page": 6,
            "creation_date": "2024-04-22T14:20:37.707Z",
            "created_by": "stefan.wehrmeyer@okfn.de",
            "changed_by": "stefan.wehrmeyer@okfn.de",
            "changed_date": "2024-04-22T14:20:37.764Z",
            "in_navigation": true,
            "soft_root": false,
            "template": "froide_govplan/base.html",
            "limit_visibility_in_menu": null,
            "xframe_options": 0
        }
    },
    {
        "model": "cms.pagecontent",
        "pk": 7,
        "fields": {
            "language": "de",
            "title": "Kontakt",
            "page_title": "",
            "menu_title": "",
            "meta_description": "",
            "redirect": null,
            "page": 7,
            "creation_date": "2024-04-22T14:21:10.621Z",
            "created_by": "stefan.wehrmeyer@okfn.de",
            "changed_by": "stefan.wehrmeyer@okfn.de",
            "changed_date": "2024-04-22T14:21:10.685Z",
            "in_navigation": true,
            "soft_root": false,
            "template": "INHERIT",
            "limit_visibility_in_menu": null,
            "xframe_options": 0
        }
    },
    {
        "model": "cms.pagecontent",
        "pk": 8,
        "fields": {
            "language": "de",
            "title": "Kontakt",
            "page_title": "",
            "menu_title": "",
            "meta_description": "",
            "redirect": null,
            "page": 8,
            "creation_date": "2024-04-22T14:21:24.620Z",
            "created_by": "stefan.wehrmeyer@okfn.de",
            "changed_by": "stefan.wehrmeyer@okfn.de",
            "changed_date": "2024-04-22T14:21:24.688Z",
            "in_navigation": true,
            "soft_root": false,
            "template": "INHERIT",
            "limit_visibility_in_menu": null,
            "xframe_options": 0
        }
    },
    {
        "model": "cms.pagecontent",
        "pk": 9,
        "fields": {
            "language": "de",
            "title": "Hilfe",
            "page_title": "",
            "menu_title": "",
            "meta_description": "",
            "redirect": null,
            "page": 9,
            "creation_date": "2024-04-22T14:22:15.054Z",
            "created_by": "stefan.wehrmeyer@okfn.de",
            "changed_by": "stefan.wehrmeyer@okfn.de",
            "changed_date": "2024-04-22T14:22:15.109Z",
            "in_navigation": true,
            "soft_root": false,
            "template": "cms/help_base.html",
            "limit_visibility_in_menu": null,
            "xframe_options": 0
        }
    },
    {
        "model": "cms.pagecontent",
        "pk": 10,
        "fields": {
            "language": "de",
            "title": "Suche",
            "page_title": "",
            "menu_title": "",
            "meta_description": "",
            "redirect": null,
            "page": 10,
            "creation_date": "2024-04-22T14:23:06.684Z",
            "created_by": "stefan.wehrmeyer@okfn.de",
            "changed_by": "stefan.wehrmeyer@okfn.de",
            "changed_date": "2024-04-22T14:23:06.727Z",
            "in_navigation": true,
            "soft_root": false,
            "template": "INHERIT",
            "limit_visibility_in_menu": null,
            "xframe_options": 0
        }
    },
    {
        "model": "cms.pagecontent",
        "pk": 12,
        "fields": {
            "language": "de",
            "title": "Recht",
            "page_title": "",
            "menu_title": "",
            "meta_description": "",
            "redirect": null,
            "page": 12,
            "creation_date": "2024-04-22T14:32:34.640Z",
            "created_by": "stefan.wehrmeyer@okfn.de",
            "changed_by": "stefan.wehrmeyer@okfn.de",
            "changed_date": "2024-04-22T14:32:34.969Z",
            "in_navigation": true,
            "soft_root": false,
            "template": "INHERIT",
            "limit_visibility_in_menu": null,
            "xframe_options": 0
        }
    },
    {
        "model": "cms.pagecontent",
        "pk": 14,
        "fields": {
            "language": "de",
            "title": "Handbuch",
            "page_title": "",
            "menu_title": "",
            "meta_description": "",
            "redirect": null,
            "page": 11,
            "creation_date": "2024-04-22T14:33:45.551Z",
            "created_by": "stefan.wehrmeyer@okfn.de",
            "changed_by": "stefan.wehrmeyer@okfn.de",
            "changed_date": "2024-04-22T14:33:50.009Z",
            "in_navigation": true,
            "soft_root": false,
            "template": "cms/pub_base.html",
            "limit_visibility_in_menu": null,
            "xframe_options": 0
        }
    },
    {
        "model": "cms.pagecontent",
        "pk": 15,
        "fields": {
            "language": "de",
            "title": "Kapitel 1",
            "page_title": "",
            "menu_title": "",
            "meta_description": "",
            "redirect": null,
            "page": 13,
            "creation_date": "2024-04-22T14:34:23.749Z",
            "created_by": "stefan.wehrmeyer@okfn.de",
            "changed_by": "stefan.wehrmeyer@okfn.de",
            "changed_date": "2024-04-22T14:34:23.750Z",
            "in_navigation": true,
            "soft_root": false,
            "template": "INHERIT",
            "limit_visibility_in_menu": null,
            "xframe_options": 0
        }
    },
    {
        "model": "cms.pagecontent",
        "pk": 16,
        "fields": {
            "language": "de",
            "title": "Kampagnen",
            "page_title": "",
            "menu_title": "",
            "meta_description": "",
            "redirect": null,
            "page": 14,
            "creation_date": "2024-04-22T14:39:07.747Z",
            "created_by": "stefan.wehrmeyer@okfn.de",
            "changed_by": "stefan.wehrmeyer@okfn.de",
            "changed_date": "2024-04-22T14:39:07.809Z",
            "in_navigation": true,
            "soft_root": false,
            "template": "INHERIT",
            "limit_visibility_in_menu": null,
            "xframe_options": 0
        }
    },
    {
        "model": "cms.pagecontent",
        "pk": 17,
        "fields": {
            "language": "de",
            "title": "Lebensmittelkontrolle",
            "page_title": "",
            "menu_title": "",
            "meta_description": "",
            "redirect": null,
            "page": 15,
            "creation_date": "2024-04-22T14:39:25.671Z",
            "created_by": "stefan.wehrmeyer@okfn.de",
            "changed_by": "stefan.wehrmeyer@okfn.de",
            "changed_date": "2024-04-22T14:39:25.735Z",
            "in_navigation": true,
            "soft_root": false,
            "template": "INHERIT",
            "limit_visibility_in_menu": null,
            "xframe_options": 0
        }
    },
    {
        "model": "cms.pagecontent",
        "pk": 19,
        "fields": {
            "language": "de",
            "title": "App",
            "page_title": "",
            "menu_title": "",
            "meta_description": "",
            "redirect": null,
            "page": 16,
            "creation_date": "2024-04-22T14:41:10.833Z",
            "created_by": "stefan.wehrmeyer@okfn.de",
            "changed_by": "stefan.wehrmeyer@okfn.de",
            "changed_date": "2024-04-22T14:43:51.066Z",
            "in_navigation": true,
            "soft_root": false,
            "template": "cms/page.html",
            "limit_visibility_in_menu": null,
            "xframe_options": 0
        }
    },
    {
        "model": "cms.pagecontent",
        "pk": 20,
        "fields": {
            "language": "de",
            "title": "Verschlusssache Prüfung",
            "page_title": "",
            "menu_title": "",
            "meta_description": "",
            "redirect": null,
            "page": 17,
            "creation_date": "2024-04-22T14:53:19.250Z",
            "created_by": "stefan.wehrmeyer@okfn.de",
            "changed_by": "stefan.wehrmeyer@okfn.de",
            "changed_date": "2024-04-22T14:53:19.325Z",
            "in_navigation": true,
            "soft_root": false,
            "template": "INHERIT",
            "limit_visibility_in_menu": null,
            "xframe_options": 0
        }
    },
    {
        "model": "cms.pagecontent",
        "pk": 21,
        "fields": {
            "language": "de",
            "title": "Verschlusssache Prüfung",
            "page_title": "",
            "menu_title": "",
            "meta_description": "",
            "redirect": null,
            "page": 18,
            "creation_date": "2024-04-22T14:53:35.390Z",
            "created_by": "stefan.wehrmeyer@okfn.de",
            "changed_by": "stefan.wehrmeyer@okfn.de",
            "changed_date": "2024-04-22T14:53:35.458Z",
            "in_navigation": true,
            "soft_root": false,
            "template": "INHERIT",
            "limit_visibility_in_menu": null,
            "xframe_options": 0
        }
    },
    {
        "model": "cms.staticplaceholder",
        "pk": 1,
        "fields": {
            "name": "",
            "code": "froide_food_header",
            "draft": 26,
            "public": 27,
            "dirty": false,
            "creation_method": "template",
            "site": null
        }
    },
    {
        "model": "cms.staticplaceholder",
        "pk": 2,
        "fields": {
            "name": "",
            "code": "froide_food_footer",
            "draft": 28,
            "public": 29,
            "dirty": false,
            "creation_method": "template",
            "site": null
        }
    },
    {
        "model": "cms.urlconfrevision",
        "pk": 1,
        "fields": {
            "revision": "58b7efd1-0d17-44b8-96b9-5ba175f32137"
        }
    },
    {
        "model": "account.user",
        "fields": {
            "password": "pbkdf2_sha256$600000$DIvWTtTZXhQ0ZXU7dW3a7N$h+MJgXJ2+gVeavZ3h6oaeYB5+/M98RDdWpyBOg1RZH4=",
            "last_login": "2024-04-22T14:05:16.413Z",
            "is_superuser": true,
            "username": "sw",
            "first_name": "",
            "last_name": "",
            "email": "stefan.wehrmeyer@okfn.de",
            "is_staff": true,
            "is_active": true,
            "date_joined": "2024-04-22T14:04:57.194Z",
            "organization_name": "",
            "organization_url": "",
            "language": "de",
            "private": false,
            "address": "",
            "terms": true,
            "profile_text": "",
            "profile_photo": "",
            "is_trusted": false,
            "is_blocked": false,
            "date_deactivated": null,
            "is_deleted": false,
            "date_left": null,
            "notes": "",
            "groups": [],
            "user_permissions": []
        }
    },
    {
        "model": "djangocms_versioning.version",
        "pk": 1,
        "fields": {
            "created": "2024-04-22T14:05:46.057Z",
            "modified": "2024-04-22T14:18:50.656Z",
            "created_by": [
                "stefan.wehrmeyer@okfn.de"
            ],
            "number": "1",
            "content_type": [
                "cms",
                "pagecontent"
            ],
            "object_id": 1,
            "state": "published",
            "locked_by": null,
            "source": null
        }
    },
    {
        "model": "djangocms_versioning.version",
        "pk": 2,
        "fields": {
            "created": "2024-04-22T14:05:46.421Z",
            "modified": "2024-04-22T14:05:46.416Z",
            "created_by": [
                "stefan.wehrmeyer@okfn.de"
            ],
            "number": "1",
            "content_type": [
                "djangocms_alias",
                "aliascontent"
            ],
            "object_id": 1,
            "state": "draft",
            "locked_by": null,
            "source": null
        }
    },
    {
        "model": "djangocms_versioning.version",
        "pk": 3,
        "fields": {
            "created": "2024-04-22T14:06:04.098Z",
            "modified": "2024-04-22T14:08:54.470Z",
            "created_by": [
                "stefan.wehrmeyer@okfn.de"
            ],
            "number": "1",
            "content_type": [
                "cms",
                "pagecontent"
            ],
            "object_id": 2,
            "state": "published",
            "locked_by": null,
            "source": null
        }
    },
    {
        "model": "djangocms_versioning.version",
        "pk": 4,
        "fields": {
            "created": "2024-04-22T14:08:10.502Z",
            "modified": "2024-04-22T14:13:44.601Z",
            "created_by": [
                "stefan.wehrmeyer@okfn.de"
            ],
            "number": "1",
            "content_type": [
                "cms",
                "pagecontent"
            ],
            "object_id": 3,
            "state": "published",
            "locked_by": null,
            "source": null
        }
    },
    {
        "model": "djangocms_versioning.version",
        "pk": 5,
        "fields": {
            "created": "2024-04-22T14:11:01.602Z",
            "modified": "2024-04-22T14:11:01.599Z",
            "created_by": [
                "stefan.wehrmeyer@okfn.de"
            ],
            "number": "1",
            "content_type": [
                "djangocms_alias",
                "aliascontent"
            ],
            "object_id": 2,
            "state": "draft",
            "locked_by": null,
            "source": null
        }
    },
    {
        "model": "djangocms_versioning.version",
        "pk": 6,
        "fields": {
            "created": "2024-04-22T14:19:43.089Z",
            "modified": "2024-04-22T14:19:57.348Z",
            "created_by": [
                "stefan.wehrmeyer@okfn.de"
            ],
            "number": "1",
            "content_type": [
                "cms",
                "pagecontent"
            ],
            "object_id": 4,
            "state": "published",
            "locked_by": null,
            "source": null
        }
    },
    {
        "model": "djangocms_versioning.version",
        "pk": 7,
        "fields": {
            "created": "2024-04-22T14:20:14.534Z",
            "modified": "2024-04-22T14:20:52.227Z",
            "created_by": [
                "stefan.wehrmeyer@okfn.de"
            ],
            "number": "1",
            "content_type": [
                "cms",
                "pagecontent"
            ],
            "object_id": 5,
            "state": "published",
            "locked_by": null,
            "source": null
        }
    },
    {
        "model": "djangocms_versioning.version",
        "pk": 8,
        "fields": {
            "created": "2024-04-22T14:20:37.719Z",
            "modified": "2024-04-22T14:20:55.119Z",
            "created_by": [
                "stefan.wehrmeyer@okfn.de"
            ],
            "number": "1",
            "content_type": [
                "cms",
                "pagecontent"
            ],
            "object_id": 6,
            "state": "published",
            "locked_by": null,
            "source": null
        }
    },
    {
        "model": "djangocms_versioning.version",
        "pk": 9,
        "fields": {
            "created": "2024-04-22T14:21:10.633Z",
            "modified": "2024-04-22T14:21:15.664Z",
            "created_by": [
                "stefan.wehrmeyer@okfn.de"
            ],
            "number": "1",
            "content_type": [
                "cms",
                "pagecontent"
            ],
            "object_id": 7,
            "state": "published",
            "locked_by": null,
            "source": null
        }
    },
    {
        "model": "djangocms_versioning.version",
        "pk": 10,
        "fields": {
            "created": "2024-04-22T14:21:24.630Z",
            "modified": "2024-04-22T14:21:40.395Z",
            "created_by": [
                "stefan.wehrmeyer@okfn.de"
            ],
            "number": "1",
            "content_type": [
                "cms",
                "pagecontent"
            ],
            "object_id": 8,
            "state": "published",
            "locked_by": null,
            "source": null
        }
    },
    {
        "model": "djangocms_versioning.version",
        "pk": 11,
        "fields": {
            "created": "2024-04-22T14:22:15.066Z",
            "modified": "2024-04-22T14:22:24.166Z",
            "created_by": [
                "stefan.wehrmeyer@okfn.de"
            ],
            "number": "1",
            "content_type": [
                "cms",
                "pagecontent"
            ],
            "object_id": 9,
            "state": "published",
            "locked_by": null,
            "source": null
        }
    },
    {
        "model": "djangocms_versioning.version",
        "pk": 12,
        "fields": {
            "created": "2024-04-22T14:23:06.692Z",
            "modified": "2024-04-22T14:33:04.734Z",
            "created_by": [
                "stefan.wehrmeyer@okfn.de"
            ],
            "number": "1",
            "content_type": [
                "cms",
                "pagecontent"
            ],
            "object_id": 10,
            "state": "published",
            "locked_by": null,
            "source": null
        }
    },
    {
        "model": "djangocms_versioning.version",
        "pk": 13,
        "fields": {
            "created": "2024-04-22T14:32:25.468Z",
            "modified": "2024-04-22T14:34:10.426Z",
            "created_by": [
                "stefan.wehrmeyer@okfn.de"
            ],
            "number": "1",
            "content_type": [
                "cms",
                "pagecontent"
            ],
            "object_id": 11,
            "state": "unpublished",
            "locked_by": null,
            "source": null
        }
    },
    {
        "model": "djangocms_versioning.version",
        "pk": 14,
        "fields": {
            "created": "2024-04-22T14:32:34.647Z",
            "modified": "2024-04-22T14:33:26.534Z",
            "created_by": [
                "stefan.wehrmeyer@okfn.de"
            ],
            "number": "1",
            "content_type": [
                "cms",
                "pagecontent"
            ],
            "object_id": 12,
            "state": "published",
            "locked_by": null,
            "source": null
        }
    },
    {
        "model": "djangocms_versioning.version",
        "pk": 15,
        "fields": {
            "created": "2024-04-22T14:33:13.295Z",
            "modified": "2024-04-22T14:34:49.005Z",
            "created_by": [
                "stefan.wehrmeyer@okfn.de"
            ],
            "number": "1",
            "content_type": [
                "cms",
                "pagecontent"
            ],
            "object_id": 13,
            "state": "unpublished",
            "locked_by": null,
            "source": null
        }
    },
    {
        "model": "djangocms_versioning.version",
        "pk": 16,
        "fields": {
            "created": "2024-04-22T14:33:45.598Z",
            "modified": "2024-04-22T14:34:10.391Z",
            "created_by": [
                "stefan.wehrmeyer@okfn.de"
            ],
            "number": "2",
            "content_type": [
                "cms",
                "pagecontent"
            ],
            "object_id": 14,
            "state": "published",
            "locked_by": null,
            "source": 13
        }
    },
    {
        "model": "djangocms_versioning.version",
        "pk": 17,
        "fields": {
            "created": "2024-04-22T14:33:50.453Z",
            "modified": "2024-04-22T14:33:50.449Z",
            "created_by": [
                "stefan.wehrmeyer@okfn.de"
            ],
            "number": "1",
            "content_type": [
                "djangocms_alias",
                "aliascontent"
            ],
            "object_id": 3,
            "state": "draft",
            "locked_by": null,
            "source": null
        }
    },
    {
        "model": "djangocms_versioning.version",
        "pk": 18,
        "fields": {
            "created": "2024-04-22T14:34:23.798Z",
            "modified": "2024-04-22T14:34:48.972Z",
            "created_by": [
                "stefan.wehrmeyer@okfn.de"
            ],
            "number": "2",
            "content_type": [
                "cms",
                "pagecontent"
            ],
            "object_id": 15,
            "state": "published",
            "locked_by": null,
            "source": 15
        }
    },
    {
        "model": "djangocms_versioning.version",
        "pk": 19,
        "fields": {
            "created": "2024-04-22T14:39:07.757Z",
            "modified": "2024-04-22T14:40:36.696Z",
            "created_by": [
                "stefan.wehrmeyer@okfn.de"
            ],
            "number": "1",
            "content_type": [
                "cms",
                "pagecontent"
            ],
            "object_id": 16,
            "state": "published",
            "locked_by": null,
            "source": null
        }
    },
    {
        "model": "djangocms_versioning.version",
        "pk": 20,
        "fields": {
            "created": "2024-04-22T14:39:25.681Z",
            "modified": "2024-04-22T14:40:45.789Z",
            "created_by": [
                "stefan.wehrmeyer@okfn.de"
            ],
            "number": "1",
            "content_type": [
                "cms",
                "pagecontent"
            ],
            "object_id": 17,
            "state": "published",
            "locked_by": null,
            "source": null
        }
    },
    {
        "model": "djangocms_versioning.version",
        "pk": 21,
        "fields": {
            "created": "2024-04-22T14:39:31.840Z",
            "modified": "2024-04-22T14:44:05.032Z",
            "created_by": [
                "stefan.wehrmeyer@okfn.de"
            ],
            "number": "1",
            "content_type": [
                "cms",
                "pagecontent"
            ],
            "object_id": 18,
            "state": "unpublished",
            "locked_by": null,
            "source": null
        }
    },
    {
        "model": "djangocms_versioning.version",
        "pk": 22,
        "fields": {
            "created": "2024-04-22T14:41:10.874Z",
            "modified": "2024-04-22T14:44:04.996Z",
            "created_by": [
                "stefan.wehrmeyer@okfn.de"
            ],
            "number": "2",
            "content_type": [
                "cms",
                "pagecontent"
            ],
            "object_id": 19,
            "state": "published",
            "locked_by": null,
            "source": 21
        }
    },
    {
        "model": "djangocms_versioning.version",
        "pk": 23,
        "fields": {
            "created": "2024-04-22T14:48:05.319Z",
            "modified": "2024-04-22T14:48:05.300Z",
            "created_by": [
                "stefan.wehrmeyer@okfn.de"
            ],
            "number": "1",
            "content_type": [
                "djangocms_alias",
                "aliascontent"
            ],
            "object_id": 4,
            "state": "draft",
            "locked_by": null,
            "source": null
        }
    },
    {
        "model": "djangocms_versioning.version",
        "pk": 24,
        "fields": {
            "created": "2024-04-22T14:48:05.433Z",
            "modified": "2024-04-22T14:48:05.422Z",
            "created_by": [
                "stefan.wehrmeyer@okfn.de"
            ],
            "number": "1",
            "content_type": [
                "djangocms_alias",
                "aliascontent"
            ],
            "object_id": 5,
            "state": "draft",
            "locked_by": null,
            "source": null
        }
    },
    {
        "model": "djangocms_versioning.version",
        "pk": 25,
        "fields": {
            "created": "2024-04-22T14:53:19.265Z",
            "modified": "2024-04-22T14:53:50.109Z",
            "created_by": [
                "stefan.wehrmeyer@okfn.de"
            ],
            "number": "1",
            "content_type": [
                "cms",
                "pagecontent"
            ],
            "object_id": 20,
            "state": "published",
            "locked_by": null,
            "source": null
        }
    },
    {
        "model": "djangocms_versioning.version",
        "pk": 26,
        "fields": {
            "created": "2024-04-22T14:53:35.402Z",
            "modified": "2024-04-22T14:53:55.131Z",
            "created_by": [
                "stefan.wehrmeyer@okfn.de"
            ],
            "number": "1",
            "content_type": [
                "cms",
                "pagecontent"
            ],
            "object_id": 21,
            "state": "published",
            "locked_by": null,
            "source": null
        }
    },
    {
        "model": "djangocms_versioning.statetracking",
        "pk": 1,
        "fields": {
            "version": 3,
            "date": "2024-04-22T14:08:54.482Z",
            "old_state": "draft",
            "new_state": "published",
            "user": [
                "stefan.wehrmeyer@okfn.de"
            ]
        }
    },
    {
        "model": "djangocms_versioning.statetracking",
        "pk": 2,
        "fields": {
            "version": 4,
            "date": "2024-04-22T14:13:44.613Z",
            "old_state": "draft",
            "new_state": "published",
            "user": [
                "stefan.wehrmeyer@okfn.de"
            ]
        }
    },
    {
        "model": "djangocms_versioning.statetracking",
        "pk": 3,
        "fields": {
            "version": 1,
            "date": "2024-04-22T14:18:50.669Z",
            "old_state": "draft",
            "new_state": "published",
            "user": [
                "stefan.wehrmeyer@okfn.de"
            ]
        }
    },
    {
        "model": "djangocms_versioning.statetracking",
        "pk": 4,
        "fields": {
            "version": 6,
            "date": "2024-04-22T14:19:57.359Z",
            "old_state": "draft",
            "new_state": "published",
            "user": [
                "stefan.wehrmeyer@okfn.de"
            ]
        }
    },
    {
        "model": "djangocms_versioning.statetracking",
        "pk": 5,
        "fields": {
            "version": 7,
            "date": "2024-04-22T14:20:52.238Z",
            "old_state": "draft",
            "new_state": "published",
            "user": [
                "stefan.wehrmeyer@okfn.de"
            ]
        }
    },
    {
        "model": "djangocms_versioning.statetracking",
        "pk": 6,
        "fields": {
            "version": 8,
            "date": "2024-04-22T14:20:55.131Z",
            "old_state": "draft",
            "new_state": "published",
            "user": [
                "stefan.wehrmeyer@okfn.de"
            ]
        }
    },
    {
        "model": "djangocms_versioning.statetracking",
        "pk": 7,
        "fields": {
            "version": 9,
            "date": "2024-04-22T14:21:15.675Z",
            "old_state": "draft",
            "new_state": "published",
            "user": [
                "stefan.wehrmeyer@okfn.de"
            ]
        }
    },
    {
        "model": "djangocms_versioning.statetracking",
        "pk": 8,
        "fields": {
            "version": 10,
            "date": "2024-04-22T14:21:40.407Z",
            "old_state": "draft",
            "new_state": "published",
            "user": [
                "stefan.wehrmeyer@okfn.de"
            ]
        }
    },
    {
        "model": "djangocms_versioning.statetracking",
        "pk": 9,
        "fields": {
            "version": 11,
            "date": "2024-04-22T14:22:24.176Z",
            "old_state": "draft",
            "new_state": "published",
            "user": [
                "stefan.wehrmeyer@okfn.de"
            ]
        }
    },
    {
        "model": "djangocms_versioning.statetracking",
        "pk": 10,
        "fields": {
            "version": 12,
            "date": "2024-04-22T14:33:04.747Z",
            "old_state": "draft",
            "new_state": "published",
            "user": [
                "stefan.wehrmeyer@okfn.de"
            ]
        }
    },
    {
        "model": "djangocms_versioning.statetracking",
        "pk": 11,
        "fields": {
            "version": 15,
            "date": "2024-04-22T14:33:18.911Z",
            "old_state": "draft",
            "new_state": "published",
            "user": [
                "stefan.wehrmeyer@okfn.de"
            ]
        }
    },
    {
        "model": "djangocms_versioning.statetracking",
        "pk": 12,
        "fields": {
            "version": 13,
            "date": "2024-04-22T14:33:22.896Z",
            "old_state": "draft",
            "new_state": "published",
            "user": [
                "stefan.wehrmeyer@okfn.de"
            ]
        }
    },
    {
        "model": "djangocms_versioning.statetracking",
        "pk": 13,
        "fields": {
            "version": 14,
            "date": "2024-04-22T14:33:26.547Z",
            "old_state": "draft",
            "new_state": "published",
            "user": [
                "stefan.wehrmeyer@okfn.de"
            ]
        }
    },
    {
        "model": "djangocms_versioning.statetracking",
        "pk": 14,
        "fields": {
            "version": 16,
            "date": "2024-04-22T14:34:10.404Z",
            "old_state": "draft",
            "new_state": "published",
            "user": [
                "stefan.wehrmeyer@okfn.de"
            ]
        }
    },
    {
        "model": "djangocms_versioning.statetracking",
        "pk": 15,
        "fields": {
            "version": 13,
            "date": "2024-04-22T14:34:10.427Z",
            "old_state": "published",
            "new_state": "unpublished",
            "user": [
                "stefan.wehrmeyer@okfn.de"
            ]
        }
    },
    {
        "model": "djangocms_versioning.statetracking",
        "pk": 16,
        "fields": {
            "version": 18,
            "date": "2024-04-22T14:34:48.982Z",
            "old_state": "draft",
            "new_state": "published",
            "user": [
                "stefan.wehrmeyer@okfn.de"
            ]
        }
    },
    {
        "model": "djangocms_versioning.statetracking",
        "pk": 17,
        "fields": {
            "version": 15,
            "date": "2024-04-22T14:34:49.006Z",
            "old_state": "published",
            "new_state": "unpublished",
            "user": [
                "stefan.wehrmeyer@okfn.de"
            ]
        }
    },
    {
        "model": "djangocms_versioning.statetracking",
        "pk": 18,
        "fields": {
            "version": 19,
            "date": "2024-04-22T14:40:36.717Z",
            "old_state": "draft",
            "new_state": "published",
            "user": [
                "stefan.wehrmeyer@okfn.de"
            ]
        }
    },
    {
        "model": "djangocms_versioning.statetracking",
        "pk": 19,
        "fields": {
            "version": 20,
            "date": "2024-04-22T14:40:45.802Z",
            "old_state": "draft",
            "new_state": "published",
            "user": [
                "stefan.wehrmeyer@okfn.de"
            ]
        }
    },
    {
        "model": "djangocms_versioning.statetracking",
        "pk": 20,
        "fields": {
            "version": 21,
            "date": "2024-04-22T14:40:51.009Z",
            "old_state": "draft",
            "new_state": "published",
            "user": [
                "stefan.wehrmeyer@okfn.de"
            ]
        }
    },
    {
        "model": "djangocms_versioning.statetracking",
        "pk": 21,
        "fields": {
            "version": 22,
            "date": "2024-04-22T14:44:05.006Z",
            "old_state": "draft",
            "new_state": "published",
            "user": [
                "stefan.wehrmeyer@okfn.de"
            ]
        }
    },
    {
        "model": "djangocms_versioning.statetracking",
        "pk": 22,
        "fields": {
            "version": 21,
            "date": "2024-04-22T14:44:05.034Z",
            "old_state": "published",
            "new_state": "unpublished",
            "user": [
                "stefan.wehrmeyer@okfn.de"
            ]
        }
    },
    {
        "model": "djangocms_versioning.statetracking",
        "pk": 23,
        "fields": {
            "version": 25,
            "date": "2024-04-22T14:53:50.120Z",
            "old_state": "draft",
            "new_state": "published",
            "user": [
                "stefan.wehrmeyer@okfn.de"
            ]
        }
    },
    {
        "model": "djangocms_versioning.statetracking",
        "pk": 24,
        "fields": {
            "version": 26,
            "date": "2024-04-22T14:53:55.140Z",
            "old_state": "draft",
            "new_state": "published",
            "user": [
                "stefan.wehrmeyer@okfn.de"
            ]
        }
    },
    {
        "model": "djangocms_alias.categorytranslation",
        "pk": 1,
        "fields": {
            "language_code": "de",
            "name": "Static Alias",
            "master": 1
        }
    },
    {
        "model": "djangocms_alias.category",
        "pk": 1,
        "fields": {}
    },
    {
        "model": "djangocms_alias.alias",
        "pk": 1,
        "fields": {
            "creation_method": "template",
            "category": 1,
            "position": 0,
            "static_code": "top_banner",
            "site": null
        }
    },
    {
        "model": "djangocms_alias.alias",
        "pk": 2,
        "fields": {
            "creation_method": "template",
            "category": 1,
            "position": 1,
            "static_code": "footer",
            "site": null
        }
    },
    {
        "model": "djangocms_alias.alias",
        "pk": 3,
        "fields": {
            "creation_method": "template",
            "category": 1,
            "position": 2,
            "static_code": "book_pub_footer",
            "site": null
        }
    },
    {
        "model": "djangocms_alias.alias",
        "pk": 4,
        "fields": {
            "creation_method": "template",
            "category": 1,
            "position": 3,
            "static_code": "froide_food_header",
            "site": null
        }
    },
    {
        "model": "djangocms_alias.alias",
        "pk": 5,
        "fields": {
            "creation_method": "template",
            "category": 1,
            "position": 4,
            "static_code": "froide_food_footer",
            "site": null
        }
    },
    {
        "model": "djangocms_text_ckeditor.text",
        "pk": 1,
        "fields": {
            "cmsplugin_ptr": 1,
            "body": "<h2 data-auto-id=\"kapitel-1\" id=\"kapitel-1\">Kapitel 1</h2>\n\n<p>Lorem ipsum.</p>"
        }
    },
    {
        "model": "cms.usersettings",
        "pk": 1,
        "fields": {
            "user": [
                "stefan.wehrmeyer@okfn.de"
            ],
            "language": "de",
            "clipboard": 1
        }
    }
]
