[
    {
        "model": "account.user",
        "pk": 1,
        "fields": {
            "password": "pbkdf2_sha256$600000$KcIxhK51gMoaDUbhHQ79Pq$g2dS09yE7aBu7ASMSFbmbTU/1Ayc1DPb8QgjDRQHArw=",
            "last_login": "2023-08-14T15:23:30.220Z",
            "is_superuser": true,
            "username": "sw",
            "first_name": "",
            "last_name": "",
            "email": "stefan.wehrmeyer@okfn.de",
            "is_staff": true,
            "is_active": true,
            "date_joined": "2023-08-14T15:22:24.728Z",
            "organization_name": "",
            "organization_url": "",
            "language": "de",
            "private": false,
            "address": "",
            "terms": true,
            "profile_text": "",
            "profile_photo": "",
            "is_trusted": false,
            "is_blocked": false,
            "date_deactivated": null,
            "is_deleted": false,
            "date_left": null,
            "notes": "",
            "groups": [],
            "user_permissions": []
        }
    },
    {
        "model": "cms.usersettings",
        "pk": 1,
        "fields": {
            "user": 1,
            "language": "de",
            "clipboard": 1
        }
    },
    {
        "model": "cms.treenode",
        "pk": 1,
        "fields": {
            "path": "0001",
            "depth": 1,
            "numchild": 0,
            "parent": null,
            "site": 1
        }
    },
    {
        "model": "cms.treenode",
        "pk": 2,
        "fields": {
            "path": "0002",
            "depth": 1,
            "numchild": 1,
            "parent": null,
            "site": 1
        }
    },
    {
        "model": "cms.treenode",
        "pk": 3,
        "fields": {
            "path": "00020001",
            "depth": 2,
            "numchild": 0,
            "parent": 2,
            "site": 1
        }
    },
    {
        "model": "cms.treenode",
        "pk": 4,
        "fields": {
            "path": "0003",
            "depth": 1,
            "numchild": 1,
            "parent": null,
            "site": 1
        }
    },
    {
        "model": "cms.treenode",
        "pk": 5,
        "fields": {
            "path": "00030001",
            "depth": 2,
            "numchild": 0,
            "parent": 4,
            "site": 1
        }
    },
    {
        "model": "cms.treenode",
        "pk": 6,
        "fields": {
            "path": "0004",
            "depth": 1,
            "numchild": 0,
            "parent": null,
            "site": 1
        }
    },
    {
        "model": "cms.treenode",
        "pk": 7,
        "fields": {
            "path": "0005",
            "depth": 1,
            "numchild": 0,
            "parent": null,
            "site": 1
        }
    },
    {
        "model": "cms.treenode",
        "pk": 8,
        "fields": {
            "path": "0006",
            "depth": 1,
            "numchild": 1,
            "parent": null,
            "site": 1
        }
    },
    {
        "model": "cms.treenode",
        "pk": 9,
        "fields": {
            "path": "00060001",
            "depth": 2,
            "numchild": 0,
            "parent": 8,
            "site": 1
        }
    },
    {
        "model": "cms.treenode",
        "pk": 10,
        "fields": {
            "path": "0007",
            "depth": 1,
            "numchild": 1,
            "parent": null,
            "site": 1
        }
    },
    {
        "model": "cms.treenode",
        "pk": 11,
        "fields": {
            "path": "00070001",
            "depth": 2,
            "numchild": 0,
            "parent": 10,
            "site": 1
        }
    },
    {
        "model": "cms.page",
        "pk": 1,
        "fields": {
            "created_by": "stefan.wehrmeyer@okfn.de",
            "changed_by": "stefan.wehrmeyer@okfn.de",
            "creation_date": "2023-08-14T15:23:43.883Z",
            "changed_date": "2023-08-14T15:23:43.984Z",
            "reverse_id": null,
            "navigation_extenders": null,
            "login_required": false,
            "is_home": true,
            "application_urls": null,
            "application_namespace": null,
            "languages": "de",
            "is_page_type": false,
            "node": 1
        }
    },
    {
        "model": "cms.page",
        "pk": 2,
        "fields": {
            "created_by": "stefan.wehrmeyer@okfn.de",
            "changed_by": "stefan.wehrmeyer@okfn.de",
            "creation_date": "2023-08-14T15:24:03.225Z",
            "changed_date": "2023-08-14T15:24:03.225Z",
            "reverse_id": null,
            "navigation_extenders": null,
            "login_required": false,
            "is_home": false,
            "application_urls": null,
            "application_namespace": null,
            "languages": "de",
            "is_page_type": false,
            "node": 2
        }
    },
    {
        "model": "cms.page",
        "pk": 3,
        "fields": {
            "created_by": "stefan.wehrmeyer@okfn.de",
            "changed_by": "stefan.wehrmeyer@okfn.de",
            "creation_date": "2023-08-14T15:24:12.843Z",
            "changed_date": "2023-08-14T15:37:50.533Z",
            "reverse_id": null,
            "navigation_extenders": null,
            "login_required": false,
            "is_home": false,
            "application_urls": "FdsDonationApp",
            "application_namespace": "fds_donation",
            "languages": "de",
            "is_page_type": false,
            "node": 3
        }
    },
    {
        "model": "cms.page",
        "pk": 4,
        "fields": {
            "created_by": "stefan.wehrmeyer@okfn.de",
            "changed_by": "stefan.wehrmeyer@okfn.de",
            "creation_date": "2023-08-14T15:40:36.435Z",
            "changed_date": "2023-08-14T15:40:36.435Z",
            "reverse_id": null,
            "navigation_extenders": null,
            "login_required": false,
            "is_home": false,
            "application_urls": null,
            "application_namespace": null,
            "languages": "de",
            "is_page_type": false,
            "node": 4
        }
    },
    {
        "model": "cms.page",
        "pk": 5,
        "fields": {
            "created_by": "stefan.wehrmeyer@okfn.de",
            "changed_by": "stefan.wehrmeyer@okfn.de",
            "creation_date": "2023-08-14T15:40:44.261Z",
            "changed_date": "2023-08-14T15:41:42.004Z",
            "reverse_id": null,
            "navigation_extenders": null,
            "login_required": false,
            "is_home": false,
            "application_urls": "LegalDecisionApp",
            "application_namespace": "legaldecision",
            "languages": "de",
            "is_page_type": false,
            "node": 5
        }
    },
    {
        "model": "cms.page",
        "pk": 6,
        "fields": {
            "created_by": "stefan.wehrmeyer@okfn.de",
            "changed_by": "stefan.wehrmeyer@okfn.de",
            "creation_date": "2023-08-14T15:40:53.773Z",
            "changed_date": "2023-08-14T15:55:28.965Z",
            "reverse_id": "blog",
            "navigation_extenders": null,
            "login_required": false,
            "is_home": false,
            "application_urls": "FdsBlogApp",
            "application_namespace": "blog",
            "languages": "de",
            "is_page_type": false,
            "node": 6
        }
    },
    {
        "model": "cms.page",
        "pk": 7,
        "fields": {
            "created_by": "stefan.wehrmeyer@okfn.de",
            "changed_by": "stefan.wehrmeyer@okfn.de",
            "creation_date": "2023-08-14T15:42:02.254Z",
            "changed_date": "2023-08-14T15:42:24.751Z",
            "reverse_id": null,
            "navigation_extenders": null,
            "login_required": false,
            "is_home": false,
            "application_urls": "GovPlanCMSApp",
            "application_namespace": "govplan",
            "languages": "de",
            "is_page_type": false,
            "node": 7
        }
    },
    {
        "model": "cms.page",
        "pk": 8,
        "fields": {
            "created_by": "stefan.wehrmeyer@okfn.de",
            "changed_by": "stefan.wehrmeyer@okfn.de",
            "creation_date": "2023-08-14T15:42:52.514Z",
            "changed_date": "2023-08-14T15:54:56.840Z",
            "reverse_id": "help",
            "navigation_extenders": null,
            "login_required": false,
            "is_home": false,
            "application_urls": "",
            "application_namespace": null,
            "languages": "de",
            "is_page_type": false,
            "node": 8
        }
    },
    {
        "model": "cms.page",
        "pk": 9,
        "fields": {
            "created_by": "stefan.wehrmeyer@okfn.de",
            "changed_by": "stefan.wehrmeyer@okfn.de",
            "creation_date": "2023-08-14T15:43:02.883Z",
            "changed_date": "2023-08-14T15:54:26.830Z",
            "reverse_id": "help-search",
            "navigation_extenders": null,
            "login_required": false,
            "is_home": false,
            "application_urls": "FdsCmsSearchApp",
            "application_namespace": "fds_cms",
            "languages": "de",
            "is_page_type": false,
            "node": 9
        }
    },
    {
        "model": "cms.page",
        "pk": 10,
        "fields": {
            "created_by": "stefan.wehrmeyer@okfn.de",
            "changed_by": "stefan.wehrmeyer@okfn.de",
            "creation_date": "2023-08-14T15:43:29.451Z",
            "changed_date": "2023-08-14T15:43:29.451Z",
            "reverse_id": null,
            "navigation_extenders": null,
            "login_required": false,
            "is_home": false,
            "application_urls": null,
            "application_namespace": null,
            "languages": "de",
            "is_page_type": false,
            "node": 10
        }
    },
    {
        "model": "cms.page",
        "pk": 11,
        "fields": {
            "created_by": "stefan.wehrmeyer@okfn.de",
            "changed_by": "stefan.wehrmeyer@okfn.de",
            "creation_date": "2023-08-14T15:43:53.165Z",
            "changed_date": "2023-08-14T15:44:08.502Z",
            "reverse_id": null,
            "navigation_extenders": null,
            "login_required": false,
            "is_home": false,
            "application_urls": "FdsCmsContactApp",
            "application_namespace": "fds_cms_contact",
            "languages": "de",
            "is_page_type": false,
            "node": 11
        }
    },
    {
        "model": "cms.pageurl",
        "pk": 1,
        "fields": {
            "slug": "homepage",
            "path": "",
            "language": "de",
            "page": 1,
            "managed": true
        }
    },
    {
        "model": "cms.pageurl",
        "pk": 2,
        "fields": {
            "slug": "spenden",
            "path": "spenden",
            "language": "de",
            "page": 2,
            "managed": true
        }
    },
    {
        "model": "cms.pageurl",
        "pk": 3,
        "fields": {
            "slug": "spenden",
            "path": "spenden/spenden",
            "language": "de",
            "page": 3,
            "managed": true
        }
    },
    {
        "model": "cms.pageurl",
        "pk": 4,
        "fields": {
            "slug": "klagen",
            "path": "klagen",
            "language": "de",
            "page": 4,
            "managed": true
        }
    },
    {
        "model": "cms.pageurl",
        "pk": 5,
        "fields": {
            "slug": "gerichtsentscheidungen",
            "path": "klagen/gerichtsentscheidungen",
            "language": "de",
            "page": 5,
            "managed": true
        }
    },
    {
        "model": "cms.pageurl",
        "pk": 6,
        "fields": {
            "slug": "blog",
            "path": "blog",
            "language": "de",
            "page": 6,
            "managed": true
        }
    },
    {
        "model": "cms.pageurl",
        "pk": 7,
        "fields": {
            "slug": "koalitionstracker",
            "path": "koalitionstracker",
            "language": "de",
            "page": 7,
            "managed": true
        }
    },
    {
        "model": "cms.pageurl",
        "pk": 8,
        "fields": {
            "slug": "hilfe",
            "path": "hilfe",
            "language": "de",
            "page": 8,
            "managed": true
        }
    },
    {
        "model": "cms.pageurl",
        "pk": 9,
        "fields": {
            "slug": "suche",
            "path": "hilfe/suche",
            "language": "de",
            "page": 9,
            "managed": true
        }
    },
    {
        "model": "cms.pageurl",
        "pk": 10,
        "fields": {
            "slug": "kontakt",
            "path": "kontakt",
            "language": "de",
            "page": 10,
            "managed": true
        }
    },
    {
        "model": "cms.pageurl",
        "pk": 11,
        "fields": {
            "slug": "kontakt",
            "path": "kontakt/kontakt",
            "language": "de",
            "page": 11,
            "managed": true
        }
    },
    {
        "model": "cms.placeholder",
        "pk": 1,
        "fields": {
            "slot": "clipboard",
            "default_width": null,
            "content_type": null,
            "object_id": null
        }
    },
    {
        "model": "cms.placeholder",
        "pk": 2,
        "fields": {
            "slot": "content",
            "default_width": null,
            "content_type": 10,
            "object_id": 1
        }
    },
    {
        "model": "cms.placeholder",
        "pk": 3,
        "fields": {
            "slot": "content",
            "default_width": null,
            "content_type": 135,
            "object_id": 1
        }
    },
    {
        "model": "cms.placeholder",
        "pk": 4,
        "fields": {
            "slot": "content",
            "default_width": null,
            "content_type": 10,
            "object_id": 2
        }
    },
    {
        "model": "cms.placeholder",
        "pk": 5,
        "fields": {
            "slot": "content",
            "default_width": null,
            "content_type": 10,
            "object_id": 3
        }
    },
    {
        "model": "cms.placeholder",
        "pk": 6,
        "fields": {
            "slot": "content",
            "default_width": null,
            "content_type": 135,
            "object_id": 2
        }
    },
    {
        "model": "cms.placeholder",
        "pk": 7,
        "fields": {
            "slot": "content",
            "default_width": null,
            "content_type": 135,
            "object_id": 3
        }
    },
    {
        "model": "cms.placeholder",
        "pk": 8,
        "fields": {
            "slot": "content",
            "default_width": null,
            "content_type": 135,
            "object_id": 4
        }
    },
    {
        "model": "cms.placeholder",
        "pk": 9,
        "fields": {
            "slot": "content",
            "default_width": null,
            "content_type": 135,
            "object_id": 5
        }
    },
    {
        "model": "cms.placeholder",
        "pk": 10,
        "fields": {
            "slot": "content",
            "default_width": null,
            "content_type": 10,
            "object_id": 4
        }
    },
    {
        "model": "cms.placeholder",
        "pk": 11,
        "fields": {
            "slot": "content",
            "default_width": null,
            "content_type": 135,
            "object_id": 6
        }
    },
    {
        "model": "cms.placeholder",
        "pk": 12,
        "fields": {
            "slot": "content",
            "default_width": null,
            "content_type": 135,
            "object_id": 7
        }
    },
    {
        "model": "cms.placeholder",
        "pk": 13,
        "fields": {
            "slot": "content",
            "default_width": null,
            "content_type": 135,
            "object_id": 8
        }
    },
    {
        "model": "cms.placeholder",
        "pk": 14,
        "fields": {
            "slot": "content",
            "default_width": null,
            "content_type": 135,
            "object_id": 9
        }
    },
    {
        "model": "cms.placeholder",
        "pk": 15,
        "fields": {
            "slot": "content",
            "default_width": null,
            "content_type": 135,
            "object_id": 10
        }
    },
    {
        "model": "cms.placeholder",
        "pk": 16,
        "fields": {
            "slot": "content",
            "default_width": null,
            "content_type": 135,
            "object_id": 11
        }
    },
    {
        "model": "cms.placeholder",
        "pk": 17,
        "fields": {
            "slot": "content",
            "default_width": null,
            "content_type": 135,
            "object_id": 12
        }
    },
    {
        "model": "cms.placeholder",
        "pk": 18,
        "fields": {
            "slot": "content",
            "default_width": null,
            "content_type": 135,
            "object_id": 13
        }
    },
    {
        "model": "cms.placeholder",
        "pk": 19,
        "fields": {
            "slot": "content",
            "default_width": null,
            "content_type": 135,
            "object_id": 14
        }
    },
    {
        "model": "cms.placeholder",
        "pk": 20,
        "fields": {
            "slot": "content",
            "default_width": null,
            "content_type": 135,
            "object_id": 15
        }
    },
    {
        "model": "cms.placeholder",
        "pk": 21,
        "fields": {
            "slot": "content",
            "default_width": null,
            "content_type": 135,
            "object_id": 16
        }
    },
    {
        "model": "cms.placeholder",
        "pk": 22,
        "fields": {
            "slot": "content",
            "default_width": null,
            "content_type": 135,
            "object_id": 17
        }
    },
    {
        "model": "cms.placeholder",
        "pk": 23,
        "fields": {
            "slot": "content",
            "default_width": null,
            "content_type": 135,
            "object_id": 18
        }
    },
    {
        "model": "cms.placeholder",
        "pk": 24,
        "fields": {
            "slot": "content",
            "default_width": null,
            "content_type": 135,
            "object_id": 19
        }
    },
    {
        "model": "cms.placeholder",
        "pk": 25,
        "fields": {
            "slot": "content",
            "default_width": null,
            "content_type": 135,
            "object_id": 20
        }
    },
    {
        "model": "cms.placeholder",
        "pk": 26,
        "fields": {
            "slot": "content",
            "default_width": null,
            "content_type": 135,
            "object_id": 21
        }
    },
    {
        "model": "cms.placeholder",
        "pk": 27,
        "fields": {
            "slot": "content",
            "default_width": null,
            "content_type": 10,
            "object_id": 5
        }
    },
    {
        "model": "cms.placeholder",
        "pk": 28,
        "fields": {
            "slot": "content",
            "default_width": null,
            "content_type": 10,
            "object_id": 6
        }
    },
    {
        "model": "cms.placeholder",
        "pk": 29,
        "fields": {
            "slot": "content",
            "default_width": null,
            "content_type": 10,
            "object_id": 7
        }
    },
    {
        "model": "cms.placeholder",
        "pk": 30,
        "fields": {
            "slot": "content",
            "default_width": null,
            "content_type": 10,
            "object_id": 8
        }
    },
    {
        "model": "cms.placeholder",
        "pk": 31,
        "fields": {
            "slot": "content",
            "default_width": null,
            "content_type": 10,
            "object_id": 9
        }
    },
    {
        "model": "cms.placeholder",
        "pk": 32,
        "fields": {
            "slot": "content",
            "default_width": null,
            "content_type": 10,
            "object_id": 10
        }
    },
    {
        "model": "cms.placeholder",
        "pk": 33,
        "fields": {
            "slot": "content",
            "default_width": null,
            "content_type": 10,
            "object_id": 11
        }
    },
    {
        "model": "cms.placeholder",
        "pk": 34,
        "fields": {
            "slot": "content",
            "default_width": null,
            "content_type": 10,
            "object_id": 12
        }
    },
    {
        "model": "cms.placeholder",
        "pk": 35,
        "fields": {
            "slot": "content",
            "default_width": null,
            "content_type": 135,
            "object_id": 22
        }
    },
    {
        "model": "cms.placeholder",
        "pk": 36,
        "fields": {
            "slot": "content",
            "default_width": null,
            "content_type": 135,
            "object_id": 23
        }
    },
    {
        "model": "cms.placeholder",
        "pk": 37,
        "fields": {
            "slot": "content",
            "default_width": null,
            "content_type": 135,
            "object_id": 24
        }
    },
    {
        "model": "cms.placeholder",
        "pk": 38,
        "fields": {
            "slot": "content",
            "default_width": null,
            "content_type": 135,
            "object_id": 25
        }
    },
    {
        "model": "cms.placeholder",
        "pk": 39,
        "fields": {
            "slot": "content",
            "default_width": null,
            "content_type": 135,
            "object_id": 26
        }
    },
    {
        "model": "cms.placeholder",
        "pk": 40,
        "fields": {
            "slot": "content",
            "default_width": null,
            "content_type": 135,
            "object_id": 27
        }
    },
    {
        "model": "cms.placeholder",
        "pk": 41,
        "fields": {
            "slot": "content",
            "default_width": null,
            "content_type": 135,
            "object_id": 28
        }
    },
    {
        "model": "cms.placeholder",
        "pk": 42,
        "fields": {
            "slot": "content",
            "default_width": null,
            "content_type": 135,
            "object_id": 29
        }
    },
    {
        "model": "cms.placeholder",
        "pk": 43,
        "fields": {
            "slot": "content",
            "default_width": null,
            "content_type": 135,
            "object_id": 30
        }
    },
    {
        "model": "cms.placeholder",
        "pk": 44,
        "fields": {
            "slot": "content",
            "default_width": null,
            "content_type": 135,
            "object_id": 31
        }
    },
    {
        "model": "cms.placeholder",
        "pk": 45,
        "fields": {
            "slot": "content",
            "default_width": null,
            "content_type": 135,
            "object_id": 32
        }
    },
    {
        "model": "cms.placeholder",
        "pk": 46,
        "fields": {
            "slot": "content",
            "default_width": null,
            "content_type": 135,
            "object_id": 33
        }
    },
    {
        "model": "cms.placeholder",
        "pk": 47,
        "fields": {
            "slot": "content",
            "default_width": null,
            "content_type": 135,
            "object_id": 34
        }
    },
    {
        "model": "cms.placeholder",
        "pk": 48,
        "fields": {
            "slot": "content",
            "default_width": null,
            "content_type": 135,
            "object_id": 35
        }
    },
    {
        "model": "cms.placeholder",
        "pk": 49,
        "fields": {
            "slot": "content",
            "default_width": null,
            "content_type": 135,
            "object_id": 36
        }
    },
    {
        "model": "cms.placeholder",
        "pk": 50,
        "fields": {
            "slot": "content",
            "default_width": null,
            "content_type": 135,
            "object_id": 37
        }
    },
    {
        "model": "cms.placeholder",
        "pk": 51,
        "fields": {
            "slot": "content",
            "default_width": null,
            "content_type": 10,
            "object_id": 13
        }
    },
    {
        "model": "cms.placeholder",
        "pk": 52,
        "fields": {
            "slot": "content",
            "default_width": null,
            "content_type": 135,
            "object_id": 38
        }
    },
    {
        "model": "cms.placeholder",
        "pk": 53,
        "fields": {
            "slot": "content",
            "default_width": null,
            "content_type": 135,
            "object_id": 39
        }
    },
    {
        "model": "cms.placeholder",
        "pk": 54,
        "fields": {
            "slot": "content",
            "default_width": null,
            "content_type": 135,
            "object_id": 40
        }
    },
    {
        "model": "cms.placeholder",
        "pk": 55,
        "fields": {
            "slot": "content",
            "default_width": null,
            "content_type": 135,
            "object_id": 41
        }
    },
    {
        "model": "cms.placeholder",
        "pk": 56,
        "fields": {
            "slot": "content",
            "default_width": null,
            "content_type": 135,
            "object_id": 42
        }
    },
    {
        "model": "cms.placeholder",
        "pk": 57,
        "fields": {
            "slot": "content",
            "default_width": null,
            "content_type": 135,
            "object_id": 43
        }
    },
    {
        "model": "cms.placeholder",
        "pk": 58,
        "fields": {
            "slot": "content",
            "default_width": null,
            "content_type": 135,
            "object_id": 44
        }
    },
    {
        "model": "cms.placeholder",
        "pk": 59,
        "fields": {
            "slot": "content",
            "default_width": null,
            "content_type": 135,
            "object_id": 45
        }
    },
    {
        "model": "cms.placeholder",
        "pk": 60,
        "fields": {
            "slot": "content",
            "default_width": null,
            "content_type": 135,
            "object_id": 46
        }
    },
    {
        "model": "cms.placeholder",
        "pk": 61,
        "fields": {
            "slot": "content",
            "default_width": null,
            "content_type": 135,
            "object_id": 47
        }
    },
    {
        "model": "cms.placeholder",
        "pk": 62,
        "fields": {
            "slot": "content",
            "default_width": null,
            "content_type": 135,
            "object_id": 48
        }
    },
    {
        "model": "cms.placeholder",
        "pk": 63,
        "fields": {
            "slot": "content",
            "default_width": null,
            "content_type": 135,
            "object_id": 49
        }
    },
    {
        "model": "cms.placeholder",
        "pk": 64,
        "fields": {
            "slot": "content",
            "default_width": null,
            "content_type": 135,
            "object_id": 50
        }
    },
    {
        "model": "cms.placeholder",
        "pk": 65,
        "fields": {
            "slot": "content",
            "default_width": null,
            "content_type": 135,
            "object_id": 51
        }
    },
    {
        "model": "cms.placeholder",
        "pk": 66,
        "fields": {
            "slot": "content",
            "default_width": null,
            "content_type": 135,
            "object_id": 52
        }
    },
    {
        "model": "cms.placeholder",
        "pk": 67,
        "fields": {
            "slot": "content",
            "default_width": null,
            "content_type": 135,
            "object_id": 53
        }
    },
    {
        "model": "cms.placeholder",
        "pk": 68,
        "fields": {
            "slot": "content",
            "default_width": null,
            "content_type": 135,
            "object_id": 54
        }
    },
    {
        "model": "cms.placeholder",
        "pk": 69,
        "fields": {
            "slot": "content",
            "default_width": null,
            "content_type": 135,
            "object_id": 55
        }
    },
    {
        "model": "cms.placeholder",
        "pk": 70,
        "fields": {
            "slot": "content",
            "default_width": null,
            "content_type": 135,
            "object_id": 56
        }
    },
    {
        "model": "cms.placeholder",
        "pk": 71,
        "fields": {
            "slot": "content",
            "default_width": null,
            "content_type": 135,
            "object_id": 57
        }
    },
    {
        "model": "cms.placeholder",
        "pk": 72,
        "fields": {
            "slot": "content",
            "default_width": null,
            "content_type": 135,
            "object_id": 58
        }
    },
    {
        "model": "cms.cmsplugin",
        "pk": 1,
        "fields": {
            "placeholder": 10,
            "parent": null,
            "position": 1,
            "language": "de",
            "plugin_type": "DonationFormPlugin",
            "creation_date": "2023-08-14T15:39:01.197Z",
            "changed_date": "2023-08-14T15:39:01.208Z"
        }
    },
    {
        "model": "cms.pagecontent",
        "pk": 1,
        "fields": {
            "language": "de",
            "title": "Homepage",
            "page_title": null,
            "menu_title": null,
            "meta_description": null,
            "redirect": null,
            "page": 1,
            "creation_date": "2023-08-14T15:23:43.893Z",
            "created_by": "stefan.wehrmeyer@okfn.de",
            "changed_by": "stefan.wehrmeyer@okfn.de",
            "changed_date": "2023-08-14T15:23:43.893Z",
            "in_navigation": true,
            "soft_root": false,
            "template": "INHERIT",
            "limit_visibility_in_menu": null,
            "xframe_options": 0
        }
    },
    {
        "model": "cms.pagecontent",
        "pk": 3,
        "fields": {
            "language": "de",
            "title": "Spenden",
            "page_title": "",
            "menu_title": "",
            "meta_description": "",
            "redirect": null,
            "page": 3,
            "creation_date": "2023-08-14T15:24:12.848Z",
            "created_by": "stefan.wehrmeyer@okfn.de",
            "changed_by": "stefan.wehrmeyer@okfn.de",
            "changed_date": "2023-08-14T15:24:12.904Z",
            "in_navigation": true,
            "soft_root": false,
            "template": "INHERIT",
            "limit_visibility_in_menu": null,
            "xframe_options": 0
        }
    },
    {
        "model": "cms.pagecontent",
        "pk": 4,
        "fields": {
            "language": "de",
            "title": "Spenden",
            "page_title": "",
            "menu_title": "",
            "meta_description": "",
            "redirect": null,
            "page": 2,
            "creation_date": "2023-08-14T15:38:40.307Z",
            "created_by": "stefan.wehrmeyer@okfn.de",
            "changed_by": "stefan.wehrmeyer@okfn.de",
            "changed_date": "2023-08-14T15:38:40.307Z",
            "in_navigation": true,
            "soft_root": false,
            "template": "INHERIT",
            "limit_visibility_in_menu": null,
            "xframe_options": 0
        }
    },
    {
        "model": "cms.pagecontent",
        "pk": 5,
        "fields": {
            "language": "de",
            "title": "Klagen",
            "page_title": "",
            "menu_title": "",
            "meta_description": "",
            "redirect": null,
            "page": 4,
            "creation_date": "2023-08-14T15:40:36.448Z",
            "created_by": "stefan.wehrmeyer@okfn.de",
            "changed_by": "stefan.wehrmeyer@okfn.de",
            "changed_date": "2023-08-14T15:40:36.527Z",
            "in_navigation": true,
            "soft_root": false,
            "template": "INHERIT",
            "limit_visibility_in_menu": null,
            "xframe_options": 0
        }
    },
    {
        "model": "cms.pagecontent",
        "pk": 6,
        "fields": {
            "language": "de",
            "title": "Gerichtsentscheidungen",
            "page_title": "",
            "menu_title": "",
            "meta_description": "",
            "redirect": null,
            "page": 5,
            "creation_date": "2023-08-14T15:40:44.273Z",
            "created_by": "stefan.wehrmeyer@okfn.de",
            "changed_by": "stefan.wehrmeyer@okfn.de",
            "changed_date": "2023-08-14T15:40:44.382Z",
            "in_navigation": true,
            "soft_root": false,
            "template": "INHERIT",
            "limit_visibility_in_menu": null,
            "xframe_options": 0
        }
    },
    {
        "model": "cms.pagecontent",
        "pk": 7,
        "fields": {
            "language": "de",
            "title": "Blog",
            "page_title": "",
            "menu_title": "",
            "meta_description": "",
            "redirect": null,
            "page": 6,
            "creation_date": "2023-08-14T15:40:53.788Z",
            "created_by": "stefan.wehrmeyer@okfn.de",
            "changed_by": "stefan.wehrmeyer@okfn.de",
            "changed_date": "2023-08-14T15:40:53.869Z",
            "in_navigation": true,
            "soft_root": false,
            "template": "INHERIT",
            "limit_visibility_in_menu": null,
            "xframe_options": 0
        }
    },
    {
        "model": "cms.pagecontent",
        "pk": 8,
        "fields": {
            "language": "de",
            "title": "Koalitionstracker",
            "page_title": "",
            "menu_title": "",
            "meta_description": "",
            "redirect": null,
            "page": 7,
            "creation_date": "2023-08-14T15:42:02.266Z",
            "created_by": "stefan.wehrmeyer@okfn.de",
            "changed_by": "stefan.wehrmeyer@okfn.de",
            "changed_date": "2023-08-14T15:42:02.358Z",
            "in_navigation": true,
            "soft_root": false,
            "template": "INHERIT",
            "limit_visibility_in_menu": null,
            "xframe_options": 0
        }
    },
    {
        "model": "cms.pagecontent",
        "pk": 10,
        "fields": {
            "language": "de",
            "title": "Suche",
            "page_title": "",
            "menu_title": "",
            "meta_description": "",
            "redirect": null,
            "page": 9,
            "creation_date": "2023-08-14T15:43:02.889Z",
            "created_by": "stefan.wehrmeyer@okfn.de",
            "changed_by": "stefan.wehrmeyer@okfn.de",
            "changed_date": "2023-08-14T15:43:02.953Z",
            "in_navigation": true,
            "soft_root": false,
            "template": "INHERIT",
            "limit_visibility_in_menu": null,
            "xframe_options": 0
        }
    },
    {
        "model": "cms.pagecontent",
        "pk": 11,
        "fields": {
            "language": "de",
            "title": "Kontakt",
            "page_title": "",
            "menu_title": "",
            "meta_description": "",
            "redirect": null,
            "page": 10,
            "creation_date": "2023-08-14T15:43:29.463Z",
            "created_by": "stefan.wehrmeyer@okfn.de",
            "changed_by": "stefan.wehrmeyer@okfn.de",
            "changed_date": "2023-08-14T15:43:29.556Z",
            "in_navigation": true,
            "soft_root": false,
            "template": "INHERIT",
            "limit_visibility_in_menu": null,
            "xframe_options": 0
        }
    },
    {
        "model": "cms.pagecontent",
        "pk": 12,
        "fields": {
            "language": "de",
            "title": "Kontakt",
            "page_title": "",
            "menu_title": "",
            "meta_description": "",
            "redirect": null,
            "page": 11,
            "creation_date": "2023-08-14T15:43:53.178Z",
            "created_by": "stefan.wehrmeyer@okfn.de",
            "changed_by": "stefan.wehrmeyer@okfn.de",
            "changed_date": "2023-08-14T15:43:53.270Z",
            "in_navigation": true,
            "soft_root": false,
            "template": "INHERIT",
            "limit_visibility_in_menu": null,
            "xframe_options": 0
        }
    },
    {
        "model": "cms.pagecontent",
        "pk": 13,
        "fields": {
            "language": "de",
            "title": "Hilfe",
            "page_title": "",
            "menu_title": "",
            "meta_description": "",
            "redirect": null,
            "page": 8,
            "creation_date": "2023-08-14T15:51:18.960Z",
            "created_by": "stefan.wehrmeyer@okfn.de",
            "changed_by": "stefan.wehrmeyer@okfn.de",
            "changed_date": "2023-08-14T15:52:28.636Z",
            "in_navigation": true,
            "soft_root": false,
            "template": "cms/help_base.html",
            "limit_visibility_in_menu": null,
            "xframe_options": 0
        }
    },
    {
        "model": "cms.urlconfrevision",
        "pk": 1,
        "fields": {
            "revision": "da9a360c-10b4-40f6-84c6-327a2d6325d7"
        }
    }
]
