[
    {
        "model": "cms.page",
        "pk": 1,
        "fields": {
            "path": "0001",
            "depth": 1,
            "numchild": 0,
            "parent": null,
            "site": [
                "example.com"
            ],
            "created_by": "stefan.wehrmeyer@okfn.de",
            "changed_by": "stefan.wehrmeyer@okfn.de",
            "creation_date": "2025-05-22T14:17:02.480Z",
            "changed_date": "2025-05-22T14:17:02.601Z",
            "reverse_id": null,
            "navigation_extenders": null,
            "login_required": false,
            "is_home": true,
            "application_urls": null,
            "application_namespace": null,
            "is_page_type": false
        }
    },
    {
        "model": "cms.page",
        "pk": 2,
        "fields": {
            "path": "0002",
            "depth": 1,
            "numchild": 0,
            "parent": null,
            "site": [
                "example.com"
            ],
            "created_by": "stefan.wehrmeyer@okfn.de",
            "changed_by": "stefan.wehrmeyer@okfn.de",
            "creation_date": "2025-05-22T14:20:16.796Z",
            "changed_date": "2025-05-22T14:20:41.279Z",
            "reverse_id": "campaigns",
            "navigation_extenders": null,
            "login_required": false,
            "is_home": false,
            "application_urls": "",
            "application_namespace": null,
            "is_page_type": false
        }
    },
    {
        "model": "cms.page",
        "pk": 3,
        "fields": {
            "path": "0003",
            "depth": 1,
            "numchild": 0,
            "parent": null,
            "site": [
                "example.com"
            ],
            "created_by": "stefan.wehrmeyer@okfn.de",
            "changed_by": "stefan.wehrmeyer@okfn.de",
            "creation_date": "2025-05-22T14:20:53.297Z",
            "changed_date": "2025-05-22T14:21:02.124Z",
            "reverse_id": "investigations",
            "navigation_extenders": null,
            "login_required": false,
            "is_home": false,
            "application_urls": "",
            "application_namespace": null,
            "is_page_type": false
        }
    },
    {
        "model": "cms.page",
        "pk": 4,
        "fields": {
            "path": "000B0001",
            "depth": 2,
            "numchild": 0,
            "parent": 11,
            "site": [
                "example.com"
            ],
            "created_by": "stefan.wehrmeyer@okfn.de",
            "changed_by": "stefan.wehrmeyer@okfn.de",
            "creation_date": "2025-05-22T14:21:07.604Z",
            "changed_date": "2025-05-22T14:21:47.752Z",
            "reverse_id": "fds_donation",
            "navigation_extenders": null,
            "login_required": false,
            "is_home": false,
            "application_urls": "FdsDonationApp",
            "application_namespace": "fds_donation",
            "is_page_type": false
        }
    },
    {
        "model": "cms.page",
        "pk": 5,
        "fields": {
            "path": "0005",
            "depth": 1,
            "numchild": 0,
            "parent": null,
            "site": [
                "example.com"
            ],
            "created_by": "stefan.wehrmeyer@okfn.de",
            "changed_by": "stefan.wehrmeyer@okfn.de",
            "creation_date": "2025-05-22T14:22:18.585Z",
            "changed_date": "2025-05-22T14:22:36.603Z",
            "reverse_id": "blog",
            "navigation_extenders": null,
            "login_required": false,
            "is_home": false,
            "application_urls": "FdsBlogApp",
            "application_namespace": "blog",
            "is_page_type": false
        }
    },
    {
        "model": "cms.page",
        "pk": 6,
        "fields": {
            "path": "0006",
            "depth": 1,
            "numchild": 0,
            "parent": null,
            "site": [
                "example.com"
            ],
            "created_by": "stefan.wehrmeyer@okfn.de",
            "changed_by": "stefan.wehrmeyer@okfn.de",
            "creation_date": "2025-05-22T14:22:49.418Z",
            "changed_date": "2025-05-22T14:23:02.912Z",
            "reverse_id": "crowdfunding",
            "navigation_extenders": null,
            "login_required": false,
            "is_home": false,
            "application_urls": "CrowdfundingCMSApp",
            "application_namespace": "crowdfunding",
            "is_page_type": false
        }
    },
    {
        "model": "cms.page",
        "pk": 7,
        "fields": {
            "path": "0007",
            "depth": 1,
            "numchild": 0,
            "parent": null,
            "site": [
                "example.com"
            ],
            "created_by": "stefan.wehrmeyer@okfn.de",
            "changed_by": "stefan.wehrmeyer@okfn.de",
            "creation_date": "2025-05-22T14:23:29.112Z",
            "changed_date": "2025-05-22T14:23:44.212Z",
            "reverse_id": "fds_cms_contact",
            "navigation_extenders": null,
            "login_required": false,
            "is_home": false,
            "application_urls": "FdsCmsContactApp",
            "application_namespace": "fds_cms_contact",
            "is_page_type": false
        }
    },
    {
        "model": "cms.page",
        "pk": 8,
        "fields": {
            "path": "000C0001",
            "depth": 2,
            "numchild": 0,
            "parent": 12,
            "site": [
                "example.com"
            ],
            "created_by": "stefan.wehrmeyer@okfn.de",
            "changed_by": "stefan.wehrmeyer@okfn.de",
            "creation_date": "2025-05-22T14:23:53.890Z",
            "changed_date": "2025-05-22T14:24:10.652Z",
            "reverse_id": "fds_cms",
            "navigation_extenders": null,
            "login_required": false,
            "is_home": false,
            "application_urls": "FdsCmsSearchApp",
            "application_namespace": "fds_cms",
            "is_page_type": false
        }
    },
    {
        "model": "cms.page",
        "pk": 9,
        "fields": {
            "path": "0009",
            "depth": 1,
            "numchild": 0,
            "parent": null,
            "site": [
                "example.com"
            ],
            "created_by": "stefan.wehrmeyer@okfn.de",
            "changed_by": "stefan.wehrmeyer@okfn.de",
            "creation_date": "2025-05-22T14:24:39.445Z",
            "changed_date": "2025-05-22T14:24:47.148Z",
            "reverse_id": null,
            "navigation_extenders": null,
            "login_required": false,
            "is_home": false,
            "application_urls": "FoodCMSApp",
            "application_namespace": null,
            "is_page_type": false
        }
    },
    {
        "model": "cms.page",
        "pk": 10,
        "fields": {
            "path": "000A",
            "depth": 1,
            "numchild": 0,
            "parent": null,
            "site": [
                "example.com"
            ],
            "created_by": "stefan.wehrmeyer@okfn.de",
            "changed_by": "stefan.wehrmeyer@okfn.de",
            "creation_date": "2025-05-22T14:24:51.599Z",
            "changed_date": "2025-05-22T14:25:04.656Z",
            "reverse_id": null,
            "navigation_extenders": null,
            "login_required": false,
            "is_home": false,
            "application_urls": "ExamCMSApp",
            "application_namespace": "froide_exam",
            "is_page_type": false
        }
    },
    {
        "model": "cms.page",
        "pk": 11,
        "fields": {
            "path": "000B",
            "depth": 1,
            "numchild": 1,
            "parent": null,
            "site": [
                "example.com"
            ],
            "created_by": "stefan.wehrmeyer@okfn.de",
            "changed_by": "stefan.wehrmeyer@okfn.de",
            "creation_date": "2025-05-22T14:25:38.419Z",
            "changed_date": "2025-05-22T14:25:38.432Z",
            "reverse_id": null,
            "navigation_extenders": null,
            "login_required": false,
            "is_home": false,
            "application_urls": null,
            "application_namespace": null,
            "is_page_type": false
        }
    },
    {
        "model": "cms.page",
        "pk": 12,
        "fields": {
            "path": "000C",
            "depth": 1,
            "numchild": 1,
            "parent": null,
            "site": [
                "example.com"
            ],
            "created_by": "stefan.wehrmeyer@okfn.de",
            "changed_by": "stefan.wehrmeyer@okfn.de",
            "creation_date": "2025-05-22T14:29:58.227Z",
            "changed_date": "2025-05-22T14:30:12.205Z",
            "reverse_id": "help",
            "navigation_extenders": null,
            "login_required": false,
            "is_home": false,
            "application_urls": "",
            "application_namespace": null,
            "is_page_type": false
        }
    },
    {
        "model": "cms.pageurl",
        "pk": 1,
        "fields": {
            "slug": "homepage",
            "path": "",
            "language": "de",
            "page": 1,
            "managed": true
        }
    },
    {
        "model": "cms.pageurl",
        "pk": 2,
        "fields": {
            "slug": "aktionen",
            "path": "aktionen",
            "language": "de",
            "page": 2,
            "managed": true
        }
    },
    {
        "model": "cms.pageurl",
        "pk": 3,
        "fields": {
            "slug": "recherchen",
            "path": "recherchen",
            "language": "de",
            "page": 3,
            "managed": true
        }
    },
    {
        "model": "cms.pageurl",
        "pk": 4,
        "fields": {
            "slug": "spenden",
            "path": "spenden/spenden",
            "language": "de",
            "page": 4,
            "managed": true
        }
    },
    {
        "model": "cms.pageurl",
        "pk": 5,
        "fields": {
            "slug": "artikel",
            "path": "artikel",
            "language": "de",
            "page": 5,
            "managed": true
        }
    },
    {
        "model": "cms.pageurl",
        "pk": 6,
        "fields": {
            "slug": "crowdfunding",
            "path": "crowdfunding",
            "language": "de",
            "page": 6,
            "managed": true
        }
    },
    {
        "model": "cms.pageurl",
        "pk": 7,
        "fields": {
            "slug": "kontakt",
            "path": "kontakt",
            "language": "de",
            "page": 7,
            "managed": true
        }
    },
    {
        "model": "cms.pageurl",
        "pk": 8,
        "fields": {
            "slug": "suche",
            "path": "hilfe/suche",
            "language": "de",
            "page": 8,
            "managed": true
        }
    },
    {
        "model": "cms.pageurl",
        "pk": 9,
        "fields": {
            "slug": "food",
            "path": "food",
            "language": "de",
            "page": 9,
            "managed": true
        }
    },
    {
        "model": "cms.pageurl",
        "pk": 10,
        "fields": {
            "slug": "exam",
            "path": "exam",
            "language": "de",
            "page": 10,
            "managed": true
        }
    },
    {
        "model": "cms.pageurl",
        "pk": 11,
        "fields": {
            "slug": "spenden",
            "path": "spenden",
            "language": "de",
            "page": 11,
            "managed": true
        }
    },
    {
        "model": "cms.pageurl",
        "pk": 12,
        "fields": {
            "slug": "hilfe",
            "path": "hilfe",
            "language": "de",
            "page": 12,
            "managed": true
        }
    },
    {
        "model": "cms.placeholder",
        "pk": 1,
        "fields": {
            "slot": "clipboard",
            "default_width": null,
            "content_type": [
                "cms",
                "usersettings"
            ],
            "object_id": 1
        }
    },
    {
        "model": "cms.placeholder",
        "pk": 2,
        "fields": {
            "slot": "content",
            "default_width": null,
            "content_type": [
                "cms",
                "pagecontent"
            ],
            "object_id": 1
        }
    },
    {
        "model": "cms.placeholder",
        "pk": 3,
        "fields": {
            "slot": "content",
            "default_width": null,
            "content_type": [
                "djangocms_alias",
                "aliascontent"
            ],
            "object_id": 1
        }
    },
    {
        "model": "cms.placeholder",
        "pk": 4,
        "fields": {
            "slot": "content",
            "default_width": null,
            "content_type": [
                "djangocms_alias",
                "aliascontent"
            ],
            "object_id": 2
        }
    },
    {
        "model": "cms.placeholder",
        "pk": 5,
        "fields": {
            "slot": "content",
            "default_width": null,
            "content_type": [
                "djangocms_alias",
                "aliascontent"
            ],
            "object_id": 3
        }
    },
    {
        "model": "cms.placeholder",
        "pk": 6,
        "fields": {
            "slot": "content",
            "default_width": null,
            "content_type": [
                "cms",
                "pagecontent"
            ],
            "object_id": 2
        }
    },
    {
        "model": "cms.placeholder",
        "pk": 7,
        "fields": {
            "slot": "content",
            "default_width": null,
            "content_type": [
                "cms",
                "pagecontent"
            ],
            "object_id": 3
        }
    },
    {
        "model": "cms.placeholder",
        "pk": 8,
        "fields": {
            "slot": "content",
            "default_width": null,
            "content_type": [
                "cms",
                "pagecontent"
            ],
            "object_id": 4
        }
    },
    {
        "model": "cms.placeholder",
        "pk": 9,
        "fields": {
            "slot": "content",
            "default_width": null,
            "content_type": [
                "cms",
                "pagecontent"
            ],
            "object_id": 5
        }
    },
    {
        "model": "cms.placeholder",
        "pk": 10,
        "fields": {
            "slot": "content",
            "default_width": null,
            "content_type": [
                "cms",
                "pagecontent"
            ],
            "object_id": 6
        }
    },
    {
        "model": "cms.placeholder",
        "pk": 11,
        "fields": {
            "slot": "content",
            "default_width": null,
            "content_type": [
                "cms",
                "pagecontent"
            ],
            "object_id": 7
        }
    },
    {
        "model": "cms.placeholder",
        "pk": 12,
        "fields": {
            "slot": "content",
            "default_width": null,
            "content_type": [
                "cms",
                "pagecontent"
            ],
            "object_id": 8
        }
    },
    {
        "model": "cms.placeholder",
        "pk": 13,
        "fields": {
            "slot": "content",
            "default_width": null,
            "content_type": [
                "djangocms_alias",
                "aliascontent"
            ],
            "object_id": 4
        }
    },
    {
        "model": "cms.placeholder",
        "pk": 14,
        "fields": {
            "slot": "content",
            "default_width": null,
            "content_type": [
                "cms",
                "pagecontent"
            ],
            "object_id": 9
        }
    },
    {
        "model": "cms.placeholder",
        "pk": 15,
        "fields": {
            "slot": "content",
            "default_width": null,
            "content_type": [
                "cms",
                "pagecontent"
            ],
            "object_id": 10
        }
    },
    {
        "model": "cms.placeholder",
        "pk": 16,
        "fields": {
            "slot": "content",
            "default_width": null,
            "content_type": [
                "cms",
                "pagecontent"
            ],
            "object_id": 11
        }
    },
    {
        "model": "cms.placeholder",
        "pk": 17,
        "fields": {
            "slot": "content",
            "default_width": null,
            "content_type": [
                "cms",
                "pagecontent"
            ],
            "object_id": 12
        }
    },
    {
        "model": "cms.pagecontent",
        "pk": 1,
        "fields": {
            "language": "de",
            "title": "Homepage",
            "page_title": null,
            "menu_title": null,
            "meta_description": null,
            "redirect": null,
            "page": 1,
            "creation_date": "2025-05-22T14:17:02.547Z",
            "created_by": "stefan.wehrmeyer@okfn.de",
            "changed_by": "stefan.wehrmeyer@okfn.de",
            "changed_date": "2025-05-22T14:17:02.547Z",
            "in_navigation": true,
            "soft_root": false,
            "template": "INHERIT",
            "limit_visibility_in_menu": null,
            "xframe_options": 0
        }
    },
    {
        "model": "cms.pagecontent",
        "pk": 2,
        "fields": {
            "language": "de",
            "title": "Aktionen",
            "page_title": "",
            "menu_title": "",
            "meta_description": "",
            "redirect": null,
            "page": 2,
            "creation_date": "2025-05-22T14:20:16.861Z",
            "created_by": "stefan.wehrmeyer@okfn.de",
            "changed_by": "stefan.wehrmeyer@okfn.de",
            "changed_date": "2025-05-22T14:20:16.920Z",
            "in_navigation": true,
            "soft_root": false,
            "template": "INHERIT",
            "limit_visibility_in_menu": null,
            "xframe_options": 0
        }
    },
    {
        "model": "cms.pagecontent",
        "pk": 3,
        "fields": {
            "language": "de",
            "title": "Recherchen",
            "page_title": "",
            "menu_title": "",
            "meta_description": "",
            "redirect": null,
            "page": 3,
            "creation_date": "2025-05-22T14:20:53.355Z",
            "created_by": "stefan.wehrmeyer@okfn.de",
            "changed_by": "stefan.wehrmeyer@okfn.de",
            "changed_date": "2025-05-22T14:20:53.413Z",
            "in_navigation": true,
            "soft_root": false,
            "template": "INHERIT",
            "limit_visibility_in_menu": null,
            "xframe_options": 0
        }
    },
    {
        "model": "cms.pagecontent",
        "pk": 4,
        "fields": {
            "language": "de",
            "title": "Spenden",
            "page_title": "",
            "menu_title": "",
            "meta_description": "",
            "redirect": null,
            "page": 4,
            "creation_date": "2025-05-22T14:21:07.667Z",
            "created_by": "stefan.wehrmeyer@okfn.de",
            "changed_by": "stefan.wehrmeyer@okfn.de",
            "changed_date": "2025-05-22T14:21:07.806Z",
            "in_navigation": true,
            "soft_root": false,
            "template": "INHERIT",
            "limit_visibility_in_menu": null,
            "xframe_options": 0
        }
    },
    {
        "model": "cms.pagecontent",
        "pk": 5,
        "fields": {
            "language": "de",
            "title": "Artikel",
            "page_title": "",
            "menu_title": "",
            "meta_description": "",
            "redirect": null,
            "page": 5,
            "creation_date": "2025-05-22T14:22:18.626Z",
            "created_by": "stefan.wehrmeyer@okfn.de",
            "changed_by": "stefan.wehrmeyer@okfn.de",
            "changed_date": "2025-05-22T14:22:18.658Z",
            "in_navigation": true,
            "soft_root": false,
            "template": "INHERIT",
            "limit_visibility_in_menu": null,
            "xframe_options": 0
        }
    },
    {
        "model": "cms.pagecontent",
        "pk": 6,
        "fields": {
            "language": "de",
            "title": "Crowdfunding",
            "page_title": "",
            "menu_title": "",
            "meta_description": "",
            "redirect": null,
            "page": 6,
            "creation_date": "2025-05-22T14:22:49.476Z",
            "created_by": "stefan.wehrmeyer@okfn.de",
            "changed_by": "stefan.wehrmeyer@okfn.de",
            "changed_date": "2025-05-22T14:22:49.540Z",
            "in_navigation": true,
            "soft_root": false,
            "template": "INHERIT",
            "limit_visibility_in_menu": null,
            "xframe_options": 0
        }
    },
    {
        "model": "cms.pagecontent",
        "pk": 7,
        "fields": {
            "language": "de",
            "title": "Kontakt",
            "page_title": "",
            "menu_title": "",
            "meta_description": "",
            "redirect": null,
            "page": 7,
            "creation_date": "2025-05-22T14:23:29.170Z",
            "created_by": "stefan.wehrmeyer@okfn.de",
            "changed_by": "stefan.wehrmeyer@okfn.de",
            "changed_date": "2025-05-22T14:23:29.230Z",
            "in_navigation": true,
            "soft_root": false,
            "template": "INHERIT",
            "limit_visibility_in_menu": null,
            "xframe_options": 0
        }
    },
    {
        "model": "cms.pagecontent",
        "pk": 8,
        "fields": {
            "language": "de",
            "title": "Suche",
            "page_title": "",
            "menu_title": "",
            "meta_description": "",
            "redirect": null,
            "page": 8,
            "creation_date": "2025-05-22T14:23:53.945Z",
            "created_by": "stefan.wehrmeyer@okfn.de",
            "changed_by": "stefan.wehrmeyer@okfn.de",
            "changed_date": "2025-05-22T14:23:54.003Z",
            "in_navigation": true,
            "soft_root": false,
            "template": "INHERIT",
            "limit_visibility_in_menu": null,
            "xframe_options": 0
        }
    },
    {
        "model": "cms.pagecontent",
        "pk": 9,
        "fields": {
            "language": "de",
            "title": "Food",
            "page_title": "",
            "menu_title": "",
            "meta_description": "",
            "redirect": null,
            "page": 9,
            "creation_date": "2025-05-22T14:24:39.510Z",
            "created_by": "stefan.wehrmeyer@okfn.de",
            "changed_by": "stefan.wehrmeyer@okfn.de",
            "changed_date": "2025-05-22T14:24:39.568Z",
            "in_navigation": true,
            "soft_root": false,
            "template": "INHERIT",
            "limit_visibility_in_menu": null,
            "xframe_options": 0
        }
    },
    {
        "model": "cms.pagecontent",
        "pk": 10,
        "fields": {
            "language": "de",
            "title": "Exam",
            "page_title": "",
            "menu_title": "",
            "meta_description": "",
            "redirect": null,
            "page": 10,
            "creation_date": "2025-05-22T14:24:51.636Z",
            "created_by": "stefan.wehrmeyer@okfn.de",
            "changed_by": "stefan.wehrmeyer@okfn.de",
            "changed_date": "2025-05-22T14:24:51.667Z",
            "in_navigation": true,
            "soft_root": false,
            "template": "INHERIT",
            "limit_visibility_in_menu": null,
            "xframe_options": 0
        }
    },
    {
        "model": "cms.pagecontent",
        "pk": 11,
        "fields": {
            "language": "de",
            "title": "Spenden",
            "page_title": "",
            "menu_title": "",
            "meta_description": "",
            "redirect": "",
            "page": 11,
            "creation_date": "2025-05-22T14:25:38.481Z",
            "created_by": "stefan.wehrmeyer@okfn.de",
            "changed_by": "stefan.wehrmeyer@okfn.de",
            "changed_date": "2025-05-22T14:25:53.721Z",
            "in_navigation": true,
            "soft_root": false,
            "template": "INHERIT",
            "limit_visibility_in_menu": null,
            "xframe_options": 0
        }
    },
    {
        "model": "cms.pagecontent",
        "pk": 12,
        "fields": {
            "language": "de",
            "title": "Hilfe",
            "page_title": "",
            "menu_title": "",
            "meta_description": "",
            "redirect": null,
            "page": 12,
            "creation_date": "2025-05-22T14:29:58.285Z",
            "created_by": "stefan.wehrmeyer@okfn.de",
            "changed_by": "stefan.wehrmeyer@okfn.de",
            "changed_date": "2025-05-22T14:29:58.342Z",
            "in_navigation": true,
            "soft_root": false,
            "template": "INHERIT",
            "limit_visibility_in_menu": null,
            "xframe_options": 0
        }
    },
    {
        "model": "cms.urlconfrevision",
        "pk": 1,
        "fields": {
            "revision": "6d704488-f5a5-4250-8e3a-756e4ad65647"
        }
    },
    {
        "model": "account.user",
        "fields": {
            "password": "pbkdf2_sha256$1000000$ikDaxCdvAHBXIQ3uPnYXJc$CNY1kR2oymFU4TKh3Sn6+G/48Dr7L7y2eDxiz4hxESw=",
            "last_login": "2025-05-22T14:16:40.578Z",
            "is_superuser": true,
            "username": "sw",
            "first_name": "",
            "last_name": "",
            "email": "stefan.wehrmeyer@okfn.de",
            "is_staff": true,
            "is_active": true,
            "date_joined": "2025-05-22T14:14:02.346Z",
            "organization_name": "",
            "organization_url": "",
            "language": "de",
            "private": false,
            "address": "",
            "terms": true,
            "profile_text": "",
            "profile_photo": "",
            "is_trusted": false,
            "is_blocked": false,
            "date_deactivated": null,
            "is_deleted": false,
            "date_left": null,
            "notes": "",
            "groups": [],
            "user_permissions": []
        }
    },
    {
        "model": "djangocms_versioning.version",
        "pk": 1,
        "fields": {
            "created": "2025-05-22T14:17:02.557Z",
            "modified": "2025-05-22T14:21:52.187Z",
            "created_by": [
                "stefan.wehrmeyer@okfn.de"
            ],
            "number": "1",
            "content_type": [
                "cms",
                "pagecontent"
            ],
            "object_id": 1,
            "state": "published",
            "locked_by": null,
            "source": null
        }
    },
    {
        "model": "djangocms_versioning.version",
        "pk": 2,
        "fields": {
            "created": "2025-05-22T14:17:02.948Z",
            "modified": "2025-05-22T14:17:02.946Z",
            "created_by": [
                "stefan.wehrmeyer@okfn.de"
            ],
            "number": "1",
            "content_type": [
                "djangocms_alias",
                "aliascontent"
            ],
            "object_id": 1,
            "state": "draft",
            "locked_by": null,
            "source": null
        }
    },
    {
        "model": "djangocms_versioning.version",
        "pk": 3,
        "fields": {
            "created": "2025-05-22T14:19:14.861Z",
            "modified": "2025-05-22T14:19:14.859Z",
            "created_by": [
                "stefan.wehrmeyer@okfn.de"
            ],
            "number": "1",
            "content_type": [
                "djangocms_alias",
                "aliascontent"
            ],
            "object_id": 2,
            "state": "draft",
            "locked_by": null,
            "source": null
        }
    },
    {
        "model": "djangocms_versioning.version",
        "pk": 4,
        "fields": {
            "created": "2025-05-22T14:19:14.875Z",
            "modified": "2025-05-22T14:19:14.874Z",
            "created_by": [
                "stefan.wehrmeyer@okfn.de"
            ],
            "number": "1",
            "content_type": [
                "djangocms_alias",
                "aliascontent"
            ],
            "object_id": 3,
            "state": "draft",
            "locked_by": null,
            "source": null
        }
    },
    {
        "model": "djangocms_versioning.version",
        "pk": 5,
        "fields": {
            "created": "2025-05-22T14:20:16.870Z",
            "modified": "2025-05-22T14:21:56.399Z",
            "created_by": [
                "stefan.wehrmeyer@okfn.de"
            ],
            "number": "1",
            "content_type": [
                "cms",
                "pagecontent"
            ],
            "object_id": 2,
            "state": "published",
            "locked_by": null,
            "source": null
        }
    },
    {
        "model": "djangocms_versioning.version",
        "pk": 6,
        "fields": {
            "created": "2025-05-22T14:20:53.363Z",
            "modified": "2025-05-22T14:23:08.368Z",
            "created_by": [
                "stefan.wehrmeyer@okfn.de"
            ],
            "number": "1",
            "content_type": [
                "cms",
                "pagecontent"
            ],
            "object_id": 3,
            "state": "published",
            "locked_by": null,
            "source": null
        }
    },
    {
        "model": "djangocms_versioning.version",
        "pk": 7,
        "fields": {
            "created": "2025-05-22T14:21:07.677Z",
            "modified": "2025-05-22T14:25:44.987Z",
            "created_by": [
                "stefan.wehrmeyer@okfn.de"
            ],
            "number": "1",
            "content_type": [
                "cms",
                "pagecontent"
            ],
            "object_id": 4,
            "state": "published",
            "locked_by": null,
            "source": null
        }
    },
    {
        "model": "djangocms_versioning.version",
        "pk": 8,
        "fields": {
            "created": "2025-05-22T14:22:18.630Z",
            "modified": "2025-05-22T14:23:14.048Z",
            "created_by": [
                "stefan.wehrmeyer@okfn.de"
            ],
            "number": "1",
            "content_type": [
                "cms",
                "pagecontent"
            ],
            "object_id": 5,
            "state": "published",
            "locked_by": null,
            "source": null
        }
    },
    {
        "model": "djangocms_versioning.version",
        "pk": 9,
        "fields": {
            "created": "2025-05-22T14:22:49.486Z",
            "modified": "2025-05-22T14:23:17.389Z",
            "created_by": [
                "stefan.wehrmeyer@okfn.de"
            ],
            "number": "1",
            "content_type": [
                "cms",
                "pagecontent"
            ],
            "object_id": 6,
            "state": "published",
            "locked_by": null,
            "source": null
        }
    },
    {
        "model": "djangocms_versioning.version",
        "pk": 10,
        "fields": {
            "created": "2025-05-22T14:23:29.179Z",
            "modified": "2025-05-22T14:24:14.658Z",
            "created_by": [
                "stefan.wehrmeyer@okfn.de"
            ],
            "number": "1",
            "content_type": [
                "cms",
                "pagecontent"
            ],
            "object_id": 7,
            "state": "published",
            "locked_by": null,
            "source": null
        }
    },
    {
        "model": "djangocms_versioning.version",
        "pk": 11,
        "fields": {
            "created": "2025-05-22T14:23:53.953Z",
            "modified": "2025-05-22T14:30:04.624Z",
            "created_by": [
                "stefan.wehrmeyer@okfn.de"
            ],
            "number": "1",
            "content_type": [
                "cms",
                "pagecontent"
            ],
            "object_id": 8,
            "state": "published",
            "locked_by": null,
            "source": null
        }
    },
    {
        "model": "djangocms_versioning.version",
        "pk": 12,
        "fields": {
            "created": "2025-05-22T14:24:18.343Z",
            "modified": "2025-05-22T14:24:18.339Z",
            "created_by": [
                "stefan.wehrmeyer@okfn.de"
            ],
            "number": "1",
            "content_type": [
                "djangocms_alias",
                "aliascontent"
            ],
            "object_id": 4,
            "state": "draft",
            "locked_by": null,
            "source": null
        }
    },
    {
        "model": "djangocms_versioning.version",
        "pk": 13,
        "fields": {
            "created": "2025-05-22T14:24:39.518Z",
            "modified": "2025-05-22T14:25:08.267Z",
            "created_by": [
                "stefan.wehrmeyer@okfn.de"
            ],
            "number": "1",
            "content_type": [
                "cms",
                "pagecontent"
            ],
            "object_id": 9,
            "state": "published",
            "locked_by": null,
            "source": null
        }
    },
    {
        "model": "djangocms_versioning.version",
        "pk": 14,
        "fields": {
            "created": "2025-05-22T14:24:51.639Z",
            "modified": "2025-05-22T14:25:11.688Z",
            "created_by": [
                "stefan.wehrmeyer@okfn.de"
            ],
            "number": "1",
            "content_type": [
                "cms",
                "pagecontent"
            ],
            "object_id": 10,
            "state": "published",
            "locked_by": null,
            "source": null
        }
    },
    {
        "model": "djangocms_versioning.version",
        "pk": 15,
        "fields": {
            "created": "2025-05-22T14:25:38.489Z",
            "modified": "2025-05-22T14:25:57.517Z",
            "created_by": [
                "stefan.wehrmeyer@okfn.de"
            ],
            "number": "1",
            "content_type": [
                "cms",
                "pagecontent"
            ],
            "object_id": 11,
            "state": "published",
            "locked_by": null,
            "source": null
        }
    },
    {
        "model": "djangocms_versioning.version",
        "pk": 16,
        "fields": {
            "created": "2025-05-22T14:29:58.292Z",
            "modified": "2025-05-22T14:30:15.330Z",
            "created_by": [
                "stefan.wehrmeyer@okfn.de"
            ],
            "number": "1",
            "content_type": [
                "cms",
                "pagecontent"
            ],
            "object_id": 12,
            "state": "published",
            "locked_by": null,
            "source": null
        }
    },
    {
        "model": "djangocms_versioning.statetracking",
        "pk": 1,
        "fields": {
            "version": 1,
            "date": "2025-05-22T14:21:52.198Z",
            "old_state": "draft",
            "new_state": "published",
            "user": [
                "stefan.wehrmeyer@okfn.de"
            ]
        }
    },
    {
        "model": "djangocms_versioning.statetracking",
        "pk": 2,
        "fields": {
            "version": 5,
            "date": "2025-05-22T14:21:56.415Z",
            "old_state": "draft",
            "new_state": "published",
            "user": [
                "stefan.wehrmeyer@okfn.de"
            ]
        }
    },
    {
        "model": "djangocms_versioning.statetracking",
        "pk": 3,
        "fields": {
            "version": 6,
            "date": "2025-05-22T14:23:08.382Z",
            "old_state": "draft",
            "new_state": "published",
            "user": [
                "stefan.wehrmeyer@okfn.de"
            ]
        }
    },
    {
        "model": "djangocms_versioning.statetracking",
        "pk": 4,
        "fields": {
            "version": 7,
            "date": "2025-05-22T14:23:11.612Z",
            "old_state": "draft",
            "new_state": "published",
            "user": [
                "stefan.wehrmeyer@okfn.de"
            ]
        }
    },
    {
        "model": "djangocms_versioning.statetracking",
        "pk": 5,
        "fields": {
            "version": 8,
            "date": "2025-05-22T14:23:14.061Z",
            "old_state": "draft",
            "new_state": "published",
            "user": [
                "stefan.wehrmeyer@okfn.de"
            ]
        }
    },
    {
        "model": "djangocms_versioning.statetracking",
        "pk": 6,
        "fields": {
            "version": 9,
            "date": "2025-05-22T14:23:17.403Z",
            "old_state": "draft",
            "new_state": "published",
            "user": [
                "stefan.wehrmeyer@okfn.de"
            ]
        }
    },
    {
        "model": "djangocms_versioning.statetracking",
        "pk": 7,
        "fields": {
            "version": 10,
            "date": "2025-05-22T14:24:14.671Z",
            "old_state": "draft",
            "new_state": "published",
            "user": [
                "stefan.wehrmeyer@okfn.de"
            ]
        }
    },
    {
        "model": "djangocms_versioning.statetracking",
        "pk": 8,
        "fields": {
            "version": 11,
            "date": "2025-05-22T14:24:17.808Z",
            "old_state": "draft",
            "new_state": "published",
            "user": [
                "stefan.wehrmeyer@okfn.de"
            ]
        }
    },
    {
        "model": "djangocms_versioning.statetracking",
        "pk": 9,
        "fields": {
            "version": 13,
            "date": "2025-05-22T14:25:08.284Z",
            "old_state": "draft",
            "new_state": "published",
            "user": [
                "stefan.wehrmeyer@okfn.de"
            ]
        }
    },
    {
        "model": "djangocms_versioning.statetracking",
        "pk": 10,
        "fields": {
            "version": 14,
            "date": "2025-05-22T14:25:11.700Z",
            "old_state": "draft",
            "new_state": "published",
            "user": [
                "stefan.wehrmeyer@okfn.de"
            ]
        }
    },
    {
        "model": "djangocms_versioning.statetracking",
        "pk": 11,
        "fields": {
            "version": 15,
            "date": "2025-05-22T14:25:57.531Z",
            "old_state": "draft",
            "new_state": "published",
            "user": [
                "stefan.wehrmeyer@okfn.de"
            ]
        }
    },
    {
        "model": "djangocms_versioning.statetracking",
        "pk": 12,
        "fields": {
            "version": 16,
            "date": "2025-05-22T14:30:15.344Z",
            "old_state": "draft",
            "new_state": "published",
            "user": [
                "stefan.wehrmeyer@okfn.de"
            ]
        }
    },
    {
        "model": "djangocms_alias.categorytranslation",
        "pk": 1,
        "fields": {
            "language_code": "de",
            "name": "Static Alias",
            "master": 1
        }
    },
    {
        "model": "djangocms_alias.category",
        "pk": 1,
        "fields": {}
    },
    {
        "model": "djangocms_alias.alias",
        "pk": 1,
        "fields": {
            "creation_method": "template",
            "category": 1,
            "position": 0,
            "static_code": "top_banner",
            "site": null
        }
    },
    {
        "model": "djangocms_alias.alias",
        "pk": 2,
        "fields": {
            "creation_method": "template",
            "category": 1,
            "position": 1,
            "static_code": "bottom_banner",
            "site": null
        }
    },
    {
        "model": "djangocms_alias.alias",
        "pk": 3,
        "fields": {
            "creation_method": "template",
            "category": 1,
            "position": 2,
            "static_code": "footer",
            "site": null
        }
    },
    {
        "model": "djangocms_alias.alias",
        "pk": 4,
        "fields": {
            "creation_method": "template",
            "category": 1,
            "position": 3,
            "static_code": "dropdown_banner",
            "site": null
        }
    },
    {
        "model": "cms.usersettings",
        "pk": 1,
        "fields": {
            "user": [
                "stefan.wehrmeyer@okfn.de"
            ],
            "language": "de",
            "clipboard": 1
        }
    }
]
