[
{
    "model": "cms.treenode",
    "pk": 1,
    "fields": {
        "path": "0002",
        "depth": 1,
        "numchild": 0,
        "parent": null,
        "site": 1
    }
},
{
    "model": "cms.treenode",
    "pk": 2,
    "fields": {
        "path": "0003",
        "depth": 1,
        "numchild": 1,
        "parent": null,
        "site": 1
    }
},
{
    "model": "cms.treenode",
    "pk": 3,
    "fields": {
        "path": "00030001",
        "depth": 2,
        "numchild": 0,
        "parent": 2,
        "site": 1
    }
},
{
    "model": "cms.treenode",
    "pk": 4,
    "fields": {
        "path": "0004",
        "depth": 1,
        "numchild": 1,
        "parent": null,
        "site": 1
    }
},
{
    "model": "cms.treenode",
    "pk": 5,
    "fields": {
        "path": "00040001",
        "depth": 2,
        "numchild": 0,
        "parent": 4,
        "site": 1
    }
},
{
    "model": "cms.treenode",
    "pk": 6,
    "fields": {
        "path": "0001",
        "depth": 1,
        "numchild": 0,
        "parent": null,
        "site": 1
    }
},
{
    "model": "cms.treenode",
    "pk": 7,
    "fields": {
        "path": "0005",
        "depth": 1,
        "numchild": 0,
        "parent": null,
        "site": 1
    }
},
{
    "model": "cms.page",
    "pk": 1,
    "fields": {
        "created_by": "info@fragdenstaat.de",
        "changed_by": "info@fragdenstaat.de",
        "creation_date": "2020-06-03T15:44:37.528Z",
        "changed_date": "2020-06-03T15:56:53.131Z",
        "publication_date": "2020-06-03T15:44:37.586Z",
        "publication_end_date": null,
        "in_navigation": true,
        "soft_root": false,
        "reverse_id": null,
        "navigation_extenders": null,
        "template": "cms/blog_base.html",
        "login_required": false,
        "limit_visibility_in_menu": null,
        "is_home": false,
        "application_urls": "FdsBlogApp",
        "application_namespace": "blog",
        "publisher_is_draft": true,
        "publisher_public": 2,
        "languages": "de",
        "xframe_options": 0,
        "is_page_type": false,
        "node": 1,
        "placeholders": [
            2
        ]
    }
},
{
    "model": "cms.page",
    "pk": 2,
    "fields": {
        "created_by": "info@fragdenstaat.de",
        "changed_by": "info@fragdenstaat.de",
        "creation_date": "2020-06-03T15:44:37.586Z",
        "changed_date": "2020-06-03T15:56:56.679Z",
        "publication_date": "2020-06-03T15:44:37.586Z",
        "publication_end_date": null,
        "in_navigation": true,
        "soft_root": false,
        "reverse_id": null,
        "navigation_extenders": null,
        "template": "cms/blog_base.html",
        "login_required": false,
        "limit_visibility_in_menu": null,
        "is_home": false,
        "application_urls": "FdsBlogApp",
        "application_namespace": "blog",
        "publisher_is_draft": false,
        "publisher_public": 1,
        "languages": "de",
        "xframe_options": 0,
        "is_page_type": false,
        "node": 1,
        "placeholders": [
            3
        ]
    }
},
{
    "model": "cms.page",
    "pk": 3,
    "fields": {
        "created_by": "info@fragdenstaat.de",
        "changed_by": "info@fragdenstaat.de",
        "creation_date": "2020-06-03T15:45:50.652Z",
        "changed_date": "2020-06-03T15:45:50.695Z",
        "publication_date": "2020-06-03T15:46:47.694Z",
        "publication_end_date": null,
        "in_navigation": true,
        "soft_root": false,
        "reverse_id": null,
        "navigation_extenders": null,
        "template": "INHERIT",
        "login_required": false,
        "limit_visibility_in_menu": null,
        "is_home": false,
        "application_urls": null,
        "application_namespace": null,
        "publisher_is_draft": true,
        "publisher_public": 5,
        "languages": "de",
        "xframe_options": 0,
        "is_page_type": false,
        "node": 2,
        "placeholders": [
            4
        ]
    }
},
{
    "model": "cms.page",
    "pk": 4,
    "fields": {
        "created_by": "info@fragdenstaat.de",
        "changed_by": "info@fragdenstaat.de",
        "creation_date": "2020-06-03T15:46:09.733Z",
        "changed_date": "2020-06-03T15:46:38.235Z",
        "publication_date": "2020-06-03T15:46:50.109Z",
        "publication_end_date": null,
        "in_navigation": true,
        "soft_root": false,
        "reverse_id": null,
        "navigation_extenders": null,
        "template": "INHERIT",
        "login_required": false,
        "limit_visibility_in_menu": null,
        "is_home": false,
        "application_urls": "FdsCmsSearchApp",
        "application_namespace": "fds_cms",
        "publisher_is_draft": true,
        "publisher_public": 6,
        "languages": "de",
        "xframe_options": 0,
        "is_page_type": false,
        "node": 3,
        "placeholders": [
            5
        ]
    }
},
{
    "model": "cms.page",
    "pk": 5,
    "fields": {
        "created_by": "info@fragdenstaat.de",
        "changed_by": "info@fragdenstaat.de",
        "creation_date": "2020-06-03T15:46:47.695Z",
        "changed_date": "2020-06-03T15:46:47.695Z",
        "publication_date": "2020-06-03T15:46:47.694Z",
        "publication_end_date": null,
        "in_navigation": true,
        "soft_root": false,
        "reverse_id": null,
        "navigation_extenders": null,
        "template": "INHERIT",
        "login_required": false,
        "limit_visibility_in_menu": null,
        "is_home": false,
        "application_urls": null,
        "application_namespace": null,
        "publisher_is_draft": false,
        "publisher_public": 3,
        "languages": "de",
        "xframe_options": 0,
        "is_page_type": false,
        "node": 2,
        "placeholders": [
            6
        ]
    }
},
{
    "model": "cms.page",
    "pk": 6,
    "fields": {
        "created_by": "info@fragdenstaat.de",
        "changed_by": "info@fragdenstaat.de",
        "creation_date": "2020-06-03T15:46:50.109Z",
        "changed_date": "2020-06-03T15:46:50.109Z",
        "publication_date": "2020-06-03T15:46:50.109Z",
        "publication_end_date": null,
        "in_navigation": true,
        "soft_root": false,
        "reverse_id": null,
        "navigation_extenders": null,
        "template": "INHERIT",
        "login_required": false,
        "limit_visibility_in_menu": null,
        "is_home": false,
        "application_urls": "FdsCmsSearchApp",
        "application_namespace": "fds_cms",
        "publisher_is_draft": false,
        "publisher_public": 4,
        "languages": "de",
        "xframe_options": 0,
        "is_page_type": false,
        "node": 3,
        "placeholders": [
            7
        ]
    }
},
{
    "model": "cms.page",
    "pk": 7,
    "fields": {
        "created_by": "info@fragdenstaat.de",
        "changed_by": "info@fragdenstaat.de",
        "creation_date": "2020-06-03T15:47:27.672Z",
        "changed_date": "2020-06-03T15:47:27.723Z",
        "publication_date": "2020-06-03T15:47:55.160Z",
        "publication_end_date": null,
        "in_navigation": true,
        "soft_root": false,
        "reverse_id": null,
        "navigation_extenders": null,
        "template": "INHERIT",
        "login_required": false,
        "limit_visibility_in_menu": null,
        "is_home": false,
        "application_urls": null,
        "application_namespace": null,
        "publisher_is_draft": true,
        "publisher_public": 9,
        "languages": "de",
        "xframe_options": 0,
        "is_page_type": false,
        "node": 4,
        "placeholders": [
            8
        ]
    }
},
{
    "model": "cms.page",
    "pk": 8,
    "fields": {
        "created_by": "info@fragdenstaat.de",
        "changed_by": "info@fragdenstaat.de",
        "creation_date": "2020-06-03T15:47:49.170Z",
        "changed_date": "2020-06-03T15:48:26.560Z",
        "publication_date": "2020-06-03T15:47:57.626Z",
        "publication_end_date": null,
        "in_navigation": true,
        "soft_root": false,
        "reverse_id": null,
        "navigation_extenders": null,
        "template": "INHERIT",
        "login_required": false,
        "limit_visibility_in_menu": null,
        "is_home": false,
        "application_urls": "FdsDonationApp",
        "application_namespace": "fds_donation",
        "publisher_is_draft": true,
        "publisher_public": 10,
        "languages": "de",
        "xframe_options": 0,
        "is_page_type": false,
        "node": 5,
        "placeholders": [
            9
        ]
    }
},
{
    "model": "cms.page",
    "pk": 9,
    "fields": {
        "created_by": "info@fragdenstaat.de",
        "changed_by": "info@fragdenstaat.de",
        "creation_date": "2020-06-03T15:47:55.161Z",
        "changed_date": "2020-06-03T15:47:55.161Z",
        "publication_date": "2020-06-03T15:47:55.160Z",
        "publication_end_date": null,
        "in_navigation": true,
        "soft_root": false,
        "reverse_id": null,
        "navigation_extenders": null,
        "template": "INHERIT",
        "login_required": false,
        "limit_visibility_in_menu": null,
        "is_home": false,
        "application_urls": null,
        "application_namespace": null,
        "publisher_is_draft": false,
        "publisher_public": 7,
        "languages": "de",
        "xframe_options": 0,
        "is_page_type": false,
        "node": 4,
        "placeholders": [
            10
        ]
    }
},
{
    "model": "cms.page",
    "pk": 10,
    "fields": {
        "created_by": "info@fragdenstaat.de",
        "changed_by": "info@fragdenstaat.de",
        "creation_date": "2020-06-03T15:47:57.626Z",
        "changed_date": "2020-06-03T15:48:31.234Z",
        "publication_date": "2020-06-03T15:47:57.626Z",
        "publication_end_date": null,
        "in_navigation": true,
        "soft_root": false,
        "reverse_id": null,
        "navigation_extenders": null,
        "template": "INHERIT",
        "login_required": false,
        "limit_visibility_in_menu": null,
        "is_home": false,
        "application_urls": "FdsDonationApp",
        "application_namespace": "fds_donation",
        "publisher_is_draft": false,
        "publisher_public": 8,
        "languages": "de",
        "xframe_options": 0,
        "is_page_type": false,
        "node": 5,
        "placeholders": [
            11
        ]
    }
},
{
    "model": "cms.page",
    "pk": 11,
    "fields": {
        "created_by": "info@fragdenstaat.de",
        "changed_by": "info@fragdenstaat.de",
        "creation_date": "2020-06-03T15:49:56.014Z",
        "changed_date": "2020-06-03T15:53:48.241Z",
        "publication_date": "2020-06-03T15:50:18.984Z",
        "publication_end_date": null,
        "in_navigation": true,
        "soft_root": false,
        "reverse_id": null,
        "navigation_extenders": null,
        "template": "cms/page.html",
        "login_required": false,
        "limit_visibility_in_menu": null,
        "is_home": true,
        "application_urls": null,
        "application_namespace": null,
        "publisher_is_draft": true,
        "publisher_public": 12,
        "languages": "de",
        "xframe_options": 0,
        "is_page_type": false,
        "node": 6,
        "placeholders": [
            12
        ]
    }
},
{
    "model": "cms.page",
    "pk": 12,
    "fields": {
        "created_by": "info@fragdenstaat.de",
        "changed_by": "info@fragdenstaat.de",
        "creation_date": "2020-06-03T15:50:18.984Z",
        "changed_date": "2020-06-03T15:59:52.216Z",
        "publication_date": "2020-06-03T15:50:18.984Z",
        "publication_end_date": null,
        "in_navigation": true,
        "soft_root": false,
        "reverse_id": null,
        "navigation_extenders": null,
        "template": "cms/page.html",
        "login_required": false,
        "limit_visibility_in_menu": null,
        "is_home": true,
        "application_urls": null,
        "application_namespace": null,
        "publisher_is_draft": false,
        "publisher_public": 11,
        "languages": "de",
        "xframe_options": 0,
        "is_page_type": false,
        "node": 6,
        "placeholders": [
            13
        ]
    }
},
{
    "model": "cms.page",
    "pk": 13,
    "fields": {
        "created_by": "info@fragdenstaat.de",
        "changed_by": "info@fragdenstaat.de",
        "creation_date": "2020-06-03T16:04:34.138Z",
        "changed_date": "2020-06-03T16:04:49.760Z",
        "publication_date": "2020-06-03T16:04:53.455Z",
        "publication_end_date": null,
        "in_navigation": true,
        "soft_root": false,
        "reverse_id": null,
        "navigation_extenders": null,
        "template": "INHERIT",
        "login_required": false,
        "limit_visibility_in_menu": null,
        "is_home": false,
        "application_urls": "FdsCmsContactApp",
        "application_namespace": "fds_cms_contact",
        "publisher_is_draft": true,
        "publisher_public": 14,
        "languages": "de",
        "xframe_options": 0,
        "is_page_type": false,
        "node": 7,
        "placeholders": [
            16
        ]
    }
},
{
    "model": "cms.page",
    "pk": 14,
    "fields": {
        "created_by": "info@fragdenstaat.de",
        "changed_by": "info@fragdenstaat.de",
        "creation_date": "2020-06-03T16:04:53.455Z",
        "changed_date": "2020-06-03T16:04:53.455Z",
        "publication_date": "2020-06-03T16:04:53.455Z",
        "publication_end_date": null,
        "in_navigation": true,
        "soft_root": false,
        "reverse_id": null,
        "navigation_extenders": null,
        "template": "INHERIT",
        "login_required": false,
        "limit_visibility_in_menu": null,
        "is_home": false,
        "application_urls": "FdsCmsContactApp",
        "application_namespace": "fds_cms_contact",
        "publisher_is_draft": false,
        "publisher_public": 13,
        "languages": "de",
        "xframe_options": 0,
        "is_page_type": false,
        "node": 7,
        "placeholders": [
            17
        ]
    }
},
{
    "model": "cms.placeholder",
    "pk": 1,
    "fields": {
        "slot": "clipboard",
        "default_width": null
    }
},
{
    "model": "cms.placeholder",
    "pk": 2,
    "fields": {
        "slot": "content",
        "default_width": null
    }
},
{
    "model": "cms.placeholder",
    "pk": 3,
    "fields": {
        "slot": "content",
        "default_width": null
    }
},
{
    "model": "cms.placeholder",
    "pk": 4,
    "fields": {
        "slot": "content",
        "default_width": null
    }
},
{
    "model": "cms.placeholder",
    "pk": 5,
    "fields": {
        "slot": "content",
        "default_width": null
    }
},
{
    "model": "cms.placeholder",
    "pk": 6,
    "fields": {
        "slot": "content",
        "default_width": null
    }
},
{
    "model": "cms.placeholder",
    "pk": 7,
    "fields": {
        "slot": "content",
        "default_width": null
    }
},
{
    "model": "cms.placeholder",
    "pk": 8,
    "fields": {
        "slot": "content",
        "default_width": null
    }
},
{
    "model": "cms.placeholder",
    "pk": 9,
    "fields": {
        "slot": "content",
        "default_width": null
    }
},
{
    "model": "cms.placeholder",
    "pk": 10,
    "fields": {
        "slot": "content",
        "default_width": null
    }
},
{
    "model": "cms.placeholder",
    "pk": 11,
    "fields": {
        "slot": "content",
        "default_width": null
    }
},
{
    "model": "cms.placeholder",
    "pk": 12,
    "fields": {
        "slot": "content",
        "default_width": null
    }
},
{
    "model": "cms.placeholder",
    "pk": 13,
    "fields": {
        "slot": "content",
        "default_width": null
    }
},
{
    "model": "cms.placeholder",
    "pk": 14,
    "fields": {
        "slot": "dropdown_banner",
        "default_width": null
    }
},
{
    "model": "cms.placeholder",
    "pk": 15,
    "fields": {
        "slot": "dropdown_banner",
        "default_width": null
    }
},
{
    "model": "cms.placeholder",
    "pk": 16,
    "fields": {
        "slot": "content",
        "default_width": null
    }
},
{
    "model": "cms.placeholder",
    "pk": 17,
    "fields": {
        "slot": "content",
        "default_width": null
    }
},
{
    "model": "cms.cmsplugin",
    "pk": 1,
    "fields": {
        "path": "0001",
        "depth": 1,
        "numchild": 0,
        "placeholder": 12,
        "parent": null,
        "position": 0,
        "language": "de",
        "plugin_type": "HomepageHeroPlugin",
        "creation_date": "2020-06-03T15:59:42.215Z",
        "changed_date": "2020-06-03T15:59:42.220Z"
    }
},
{
    "model": "cms.cmsplugin",
    "pk": 2,
    "fields": {
        "path": "0002",
        "depth": 1,
        "numchild": 0,
        "placeholder": 12,
        "parent": null,
        "position": 1,
        "language": "de",
        "plugin_type": "HomepageHowPlugin",
        "creation_date": "2020-06-03T15:59:48.454Z",
        "changed_date": "2020-06-03T15:59:48.481Z"
    }
},
{
    "model": "cms.cmsplugin",
    "pk": 3,
    "fields": {
        "path": "0003",
        "depth": 1,
        "numchild": 0,
        "placeholder": 13,
        "parent": null,
        "position": 0,
        "language": "de",
        "plugin_type": "HomepageHeroPlugin",
        "creation_date": "2020-06-03T15:59:52.245Z",
        "changed_date": "2020-06-03T15:59:52.246Z"
    }
},
{
    "model": "cms.cmsplugin",
    "pk": 4,
    "fields": {
        "path": "0004",
        "depth": 1,
        "numchild": 0,
        "placeholder": 13,
        "parent": null,
        "position": 1,
        "language": "de",
        "plugin_type": "HomepageHowPlugin",
        "creation_date": "2020-06-03T15:59:52.247Z",
        "changed_date": "2020-06-03T15:59:52.248Z"
    }
},
{
    "model": "cms.title",
    "pk": 1,
    "fields": {
        "language": "de",
        "title": "Blog",
        "page_title": "",
        "menu_title": "",
        "meta_description": "",
        "slug": "blog",
        "path": "blog",
        "has_url_overwrite": false,
        "redirect": null,
        "page": 1,
        "creation_date": "2020-06-03T15:44:37.533Z",
        "published": true,
        "publisher_is_draft": true,
        "publisher_public": 2,
        "publisher_state": 0
    }
},
{
    "model": "cms.title",
    "pk": 2,
    "fields": {
        "language": "de",
        "title": "Blog",
        "page_title": "",
        "menu_title": "",
        "meta_description": "",
        "slug": "blog",
        "path": "blog",
        "has_url_overwrite": false,
        "redirect": null,
        "page": 2,
        "creation_date": "2020-06-03T15:44:37.533Z",
        "published": true,
        "publisher_is_draft": false,
        "publisher_public": 1,
        "publisher_state": 0
    }
},
{
    "model": "cms.title",
    "pk": 3,
    "fields": {
        "language": "de",
        "title": "Hilfe",
        "page_title": "",
        "menu_title": "",
        "meta_description": "",
        "slug": "hilfe",
        "path": "hilfe",
        "has_url_overwrite": false,
        "redirect": null,
        "page": 3,
        "creation_date": "2020-06-03T15:45:50.654Z",
        "published": true,
        "publisher_is_draft": true,
        "publisher_public": 5,
        "publisher_state": 0
    }
},
{
    "model": "cms.title",
    "pk": 4,
    "fields": {
        "language": "de",
        "title": "Suche",
        "page_title": "",
        "menu_title": "",
        "meta_description": "",
        "slug": "suche",
        "path": "hilfe/suche",
        "has_url_overwrite": false,
        "redirect": null,
        "page": 4,
        "creation_date": "2020-06-03T15:46:09.736Z",
        "published": true,
        "publisher_is_draft": true,
        "publisher_public": 6,
        "publisher_state": 0
    }
},
{
    "model": "cms.title",
    "pk": 5,
    "fields": {
        "language": "de",
        "title": "Hilfe",
        "page_title": "",
        "menu_title": "",
        "meta_description": "",
        "slug": "hilfe",
        "path": "hilfe",
        "has_url_overwrite": false,
        "redirect": null,
        "page": 5,
        "creation_date": "2020-06-03T15:45:50.654Z",
        "published": true,
        "publisher_is_draft": false,
        "publisher_public": 3,
        "publisher_state": 0
    }
},
{
    "model": "cms.title",
    "pk": 6,
    "fields": {
        "language": "de",
        "title": "Suche",
        "page_title": "",
        "menu_title": "",
        "meta_description": "",
        "slug": "suche",
        "path": "hilfe/suche",
        "has_url_overwrite": false,
        "redirect": null,
        "page": 6,
        "creation_date": "2020-06-03T15:46:09.736Z",
        "published": true,
        "publisher_is_draft": false,
        "publisher_public": 4,
        "publisher_state": 0
    }
},
{
    "model": "cms.title",
    "pk": 7,
    "fields": {
        "language": "de",
        "title": "Spenden",
        "page_title": "",
        "menu_title": "",
        "meta_description": "",
        "slug": "spenden",
        "path": "spenden",
        "has_url_overwrite": false,
        "redirect": null,
        "page": 7,
        "creation_date": "2020-06-03T15:47:27.673Z",
        "published": true,
        "publisher_is_draft": true,
        "publisher_public": 9,
        "publisher_state": 0
    }
},
{
    "model": "cms.title",
    "pk": 8,
    "fields": {
        "language": "de",
        "title": "Jetzt spenden",
        "page_title": "",
        "menu_title": "",
        "meta_description": "",
        "slug": "spende",
        "path": "spenden/spende",
        "has_url_overwrite": false,
        "redirect": null,
        "page": 8,
        "creation_date": "2020-06-03T15:47:49.171Z",
        "published": true,
        "publisher_is_draft": true,
        "publisher_public": 10,
        "publisher_state": 0
    }
},
{
    "model": "cms.title",
    "pk": 9,
    "fields": {
        "language": "de",
        "title": "Spenden",
        "page_title": "",
        "menu_title": "",
        "meta_description": "",
        "slug": "spenden",
        "path": "spenden",
        "has_url_overwrite": false,
        "redirect": null,
        "page": 9,
        "creation_date": "2020-06-03T15:47:27.673Z",
        "published": true,
        "publisher_is_draft": false,
        "publisher_public": 7,
        "publisher_state": 0
    }
},
{
    "model": "cms.title",
    "pk": 10,
    "fields": {
        "language": "de",
        "title": "Jetzt spenden",
        "page_title": "",
        "menu_title": "",
        "meta_description": "",
        "slug": "spende",
        "path": "spenden/spende",
        "has_url_overwrite": false,
        "redirect": null,
        "page": 10,
        "creation_date": "2020-06-03T15:47:49.171Z",
        "published": true,
        "publisher_is_draft": false,
        "publisher_public": 8,
        "publisher_state": 0
    }
},
{
    "model": "cms.title",
    "pk": 11,
    "fields": {
        "language": "de",
        "title": "Startseite",
        "page_title": "",
        "menu_title": "",
        "meta_description": "",
        "slug": "home",
        "path": "",
        "has_url_overwrite": false,
        "redirect": null,
        "page": 11,
        "creation_date": "2020-06-03T15:49:56.016Z",
        "published": true,
        "publisher_is_draft": true,
        "publisher_public": 12,
        "publisher_state": 0
    }
},
{
    "model": "cms.title",
    "pk": 12,
    "fields": {
        "language": "de",
        "title": "Startseite",
        "page_title": "",
        "menu_title": "",
        "meta_description": "",
        "slug": "home",
        "path": "",
        "has_url_overwrite": false,
        "redirect": null,
        "page": 12,
        "creation_date": "2020-06-03T15:49:56.016Z",
        "published": true,
        "publisher_is_draft": false,
        "publisher_public": 11,
        "publisher_state": 0
    }
},
{
    "model": "cms.title",
    "pk": 13,
    "fields": {
        "language": "de",
        "title": "Beh\u00f6rden-Kontakt",
        "page_title": "",
        "menu_title": "",
        "meta_description": "",
        "slug": "behoerden-kontakt",
        "path": "behoerden-kontakt",
        "has_url_overwrite": false,
        "redirect": null,
        "page": 13,
        "creation_date": "2020-06-03T16:04:34.142Z",
        "published": true,
        "publisher_is_draft": true,
        "publisher_public": 14,
        "publisher_state": 0
    }
},
{
    "model": "cms.title",
    "pk": 14,
    "fields": {
        "language": "de",
        "title": "Beh\u00f6rden-Kontakt",
        "page_title": "",
        "menu_title": "",
        "meta_description": "",
        "slug": "behoerden-kontakt",
        "path": "behoerden-kontakt",
        "has_url_overwrite": false,
        "redirect": null,
        "page": 14,
        "creation_date": "2020-06-03T16:04:34.142Z",
        "published": true,
        "publisher_is_draft": false,
        "publisher_public": 13,
        "publisher_state": 0
    }
},
{
    "model": "cms.staticplaceholder",
    "pk": 1,
    "fields": {
        "name": "",
        "code": "dropdown_banner",
        "draft": 14,
        "public": 15,
        "dirty": false,
        "creation_method": "template",
        "site": null
    }
},
{
    "model": "cms.urlconfrevision",
    "pk": 1,
    "fields": {
        "revision": "e1b134e1-08ee-442d-8fe1-f79e7c9bc8c2"
    }
}
]
